resetTime	distance	downAcc	downRotate	downSpeed	fluctuation	fluctuationRate	upAcc	upRotate	upSpeed	level	antiReactionAdjForGrade	expNeeded	levelupMinStatistics	id	linkWeaponEnchantLevel	rangeStep	name	priority	activeRange	interactionDist	activeVolumeHeight	autoLogoutTimeInLobby	autoLogoutTimeInWorld	socialOnFail	socialOnSuccess	progressTime	socialOnProgress	value	socialOnFail2	socialOnSuccess3	progressTime4	socialOnProgress5	maxTabCount	seconds	noticeSoundId	whisperSoundId	ClientLeaveWorld	collideInDarkRift	collideInRaid	class	soundCue	id6	rareGrade	revisionRate	itemTemplateId	maxEnchantStep	maxUseableRank	minEnchantStep	minUseableRank	canAwaken	grade	arriveDistanceThreshold	giveupFollowDistanceThreshold	maxFollowDistanceThreshold	minFollowDistanceThreshold	promotionMemo	range	duration	type	distance7	initAcc	initVel	type8	start	end	start9	end10	start11	end12	airFriction	climbingSpeed	fallingAngle	fallingDamageHeight	fallingLandingMotionHeight	fallingSpeed	fallingStartHeight	jumpDuration	jumpFallingStartHeight	jumpHeight	countDownSec	numberOver	decreaseRatio	easyMax	hardMax	normalMax	name13	value14	property	name15	property16	marker	icon	defaultCancelTime	socialOnSuccess17	socialOnProgress18	id19	id20	id21	id22	Engineer	smoothGageInterval	Lancer	Warrior	inaccessibleDistanceForLarge	gender	race	height	showTCatInInventory	useInGameStoreCoin	expireDays	activated	entryMsgId	entryMsgTime	id23	grade24	rank	value25	percent
5	80	450	5600	10	5	7	-300	5600	200	1	1	840	4	190	10001							3600	7200	29	20	3	37	0,1	29	20	5	37	4		2089	2001		False	False													1	500	110	60	True	50													1,5	60	55	400	80	600	50	800	100	50	10			-1	2	0								500	20	37						1			40				False	False	7	False	31000	4000				65	0,25
5	80	450	5600	10	5	7	-300	5600	200	2	2	2686	7	190	10001							3600	7200	29	20	3	37	0,1	29	20	5	37	4		2089	2001		False	False													1	500	110	60	True	50													1,5	60	55	400	80	600	50	800	100	50	10			-1	2	0								500	20	37						1			40				False	False	7	False	31000	4000				65	0,25
5	80	450	5600	10	5	7	-300	5600	200	3	3	4800	3	190	10001							3600	7200	29	20	3	37	0,1	29	20	5	37	4		2089	2001		False	False													1	500	110	60	True	50													1,5	60	55	400	80	600	50	800	100	50	10			-1	2	0								500	20	37						1			40				False	False	7	False	31000	4000				65	0,25
5	80	450	5600	10	5	7	-300	5600	200	4	4	8300	5	190	10001							3600	7200	29	20	3	37	0,1	29	20	5	37	4		2089	2001		False	False													1	500	110	60	True	50													1,5	60	55	400	80	600	50	800	100	50	10			-1	2	0								500	20	37						1			40				False	False	7	False	31000	4000				65	0,25
5	80	450	5600	10	5	7	-300	5600	200	5	5	12000	10	190	10001							3600	7200	29	20	3	37	0,1	29	20	5	37	4		2089	2001		False	False													1	500	110	60	True	50													1,5	60	55	400	80	600	50	800	100	50	10			-1	2	0								500	20	37						1			40				False	False	7	False	31000	4000				65	0,25
5	80	450	5600	10	5	7	-300	5600	200	6	6	18600	9	190	10001							3600	7200	29	20	3	37	0,1	29	20	5	37	4		2089	2001		False	False													1	500	110	60	True	50													1,5	60	55	400	80	600	50	800	100	50	10			-1	2	0								500	20	37						1			40				False	False	7	False	31000	4000				65	0,25
5	80	450	5600	10	5	7	-300	5600	200	7	7	25000	9	190	10001							3600	7200	29	20	3	37	0,1	29	20	5	37	4		2089	2001		False	False													1	500	110	60	True	50													1,5	60	55	400	80	600	50	800	100	50	10			-1	2	0								500	20	37						1			40				False	False	7	False	31000	4000				65	0,25
5	80	450	5600	10	5	7	-300	5600	200	8	8	46000	28	190	10001							3600	7200	29	20	3	37	0,1	29	20	5	37	4		2089	2001		False	False													1	500	110	60	True	50													1,5	60	55	400	80	600	50	800	100	50	10			-1	2	0								500	20	37						1			40				False	False	7	False	31000	4000				65	0,25
5	80	450	5600	10	5	7	-300	5600	200	9	9	64000	15	190	10001							3600	7200	29	20	3	37	0,1	29	20	5	37	4		2089	2001		False	False													1	500	110	60	True	50													1,5	60	55	400	80	600	50	800	100	50	10			-1	2	0								500	20	37						1			40				False	False	7	False	31000	4000				65	0,25
5	80	450	5600	10	5	7	-300	5600	200	10	10	83795	17	190	10001							3600	7200	29	20	3	37	0,1	29	20	5	37	4		2089	2001		False	False													1	500	110	60	True	50													1,5	60	55	400	80	600	50	800	100	50	10			-1	2	0								500	20	37						1			40				False	False	7	False	31000	4000				65	0,25
5	80	450	5600	10	5	7	-300	5600	200	11	11	107904	27	190	10001							3600	7200	29	20	3	37	0,1	29	20	5	37	4		2089	2001		False	False													1	500	110	60	True	50													1,5	60	55	400	80	600	50	800	100	50	10			-1	2	0								500	20	37						1			40				False	False	7	False	31000	4000				65	0,25
5	80	450	5600	10	5	7	-300	5600	200	12	12	137844	27	190	10001							3600	7200	29	20	3	37	0,1	29	20	5	37	4		2089	2001		False	False													1	500	110	60	True	50													1,5	60	55	400	80	600	50	800	100	50	10			-1	2	0								500	20	37						1			40				False	False	7	False	31000	4000				65	0,25
5	80	450	5600	10	5	7	-300	5600	200	13	13	173664	18	190	10001							3600	7200	29	20	3	37	0,1	29	20	5	37	4		2089	2001		False	False													1	500	110	60	True	50													1,5	60	55	400	80	600	50	800	100	50	10			-1	2	0								500	20	37						1			40				False	False	7	False	31000	4000				65	0,25
5	80	450	5600	10	5	7	-300	5600	200	14	14	217412	26	190	10001							3600	7200	29	20	3	37	0,1	29	20	5	37	4		2089	2001		False	False													1	500	110	60	True	50													1,5	60	55	400	80	600	50	800	100	50	10			-1	2	0								500	20	37						1			40				False	False	7	False	31000	4000				65	0,25
5	80	450	5600	10	5	7	-300	5600	200	15	15	270045	29	190	10001							3600	7200	29	20	3	37	0,1	29	20	5	37	4		2089	2001		False	False													1	500	110	60	True	50													1,5	60	55	400	80	600	50	800	100	50	10			-1	2	0								500	20	37						1			40				False	False	7	False	31000	4000				65	0,25
5	80	450	5600	10	5	7	-300	5600	200	16	16	332904	31	190	10001							3600	7200	29	20	3	37	0,1	29	20	5	37	4		2089	2001		False	False													1	500	110	60	True	50													1,5	60	55	400	80	600	50	800	100	50	10			-1	2	0								500	20	37						1			40				False	False	7	False	31000	4000				65	0,25
5	80	450	5600	10	5	7	-300	5600	200	17	17	411478	31	190	10001							3600	7200	29	20	3	37	0,1	29	20	5	37	4		2089	2001		False	False													1	500	110	60	True	50													1,5	60	55	400	80	600	50	800	100	50	10			-1	2	0								500	20	37						1			40				False	False	7	False	31000	4000				65	0,25
5	80	450	5600	10	5	7	-300	5600	200	18	18	509555	31	190	10001							3600	7200	29	20	3	37	0,1	29	20	5	37	4		2089	2001		False	False													1	500	110	60	True	50													1,5	60	55	400	80	600	50	800	100	50	10			-1	2	0								500	20	37						1			40				False	False	7	False	31000	4000				65	0,25
5	80	450	5600	10	5	7	-300	5600	200	19	19	624045	29	190	10001							3600	7200	29	20	3	37	0,1	29	20	5	37	4		2089	2001		False	False													1	500	110	60	True	50													1,5	60	55	400	80	600	50	800	100	50	10			-1	2	0								500	20	37						1			40				False	False	7	False	31000	4000				65	0,25
5	80	450	5600	10	5	7	-300	5600	200	20	20	767158	41	190	10001							3600	7200	29	20	3	37	0,1	29	20	5	37	4		2089	2001		False	False													1	500	110	60	True	50													1,5	60	55	400	80	600	50	800	100	50	10			-1	2	0								500	20	37						1			40				False	False	7	False	31000	4000				65	0,25
5	80	450	5600	10	5	7	-300	5600	200	21	21	946049	45	190	10001							3600	7200	29	20	3	37	0,1	29	20	5	37	4		2089	2001		False	False													1	500	110	60	True	50													1,5	60	55	400	80	600	50	800	100	50	10			-1	2	0								500	20	37						1			40				False	False	7	False	31000	4000				65	0,25
5	80	450	5600	10	5	7	-300	5600	200	22	22	1169663	51	190	10001							3600	7200	29	20	3	37	0,1	29	20	5	37	4		2089	2001		False	False													1	500	110	60	True	50													1,5	60	55	400	80	600	50	800	100	50	10			-1	2	0								500	20	37						1			40				False	False	7	False	31000	4000				65	0,25
5	80	450	5600	10	5	7	-300	5600	200	23	23	1444708	54	190	10001							3600	7200	29	20	3	37	0,1	29	20	5	37	4		2089	2001		False	False													1	500	110	60	True	50													1,5	60	55	400	80	600	50	800	100	50	10			-1	2	0								500	20	37						1			40				False	False	7	False	31000	4000				65	0,25
5	80	450	5600	10	5	7	-300	5600	200	24	24	1780263	63	190	10001							3600	7200	29	20	3	37	0,1	29	20	5	37	4		2089	2001		False	False													1	500	110	60	True	50													1,5	60	55	400	80	600	50	800	100	50	10			-1	2	0								500	20	37						1			40				False	False	7	False	31000	4000				65	0,25
5	80	450	5600	10	5	7	-300	5600	200	25	25	2199707	69	190	10001							3600	7200	29	20	3	37	0,1	29	20	5	37	4		2089	2001		False	False													1	500	110	60	True	50													1,5	60	55	400	80	600	50	800	100	50	10			-1	2	0								500	20	37						1			40				False	False	7	False	31000	4000				65	0,25
5	80	450	5600	10	5	7	-300	5600	200	26	26	2714012	68	190	10001							3600	7200	29	20	3	37	0,1	29	20	5	37	4		2089	2001		False	False													1	500	110	60	True	50													1,5	60	55	400	80	600	50	800	100	50	10			-1	2	0								500	20	37						1			40				False	False	7	False	31000	4000				65	0,25
5	80	450	5600	10	5	7	-300	5600	200	27	27	3356893	69	190	10001							3600	7200	29	20	3	37	0,1	29	20	5	37	4		2089	2001		False	False													1	500	110	60	True	50													1,5	60	55	400	80	600	50	800	100	50	10			-1	2	0								500	20	37						1			40				False	False	7	False	31000	4000				65	0,25
5	80	450	5600	10	5	7	-300	5600	200	28	28	4104477	71	190	10001							3600	7200	29	20	3	37	0,1	29	20	5	37	4		2089	2001		False	False													1	500	110	60	True	50													1,5	60	55	400	80	600	50	800	100	50	10			-1	2	0								500	20	37						1			40				False	False	7	False	31000	4000				65	0,25
5	80	450	5600	10	5	7	-300	5600	200	29	29	4943952	64	190	10001							3600	7200	29	20	3	37	0,1	29	20	5	37	4		2089	2001		False	False													1	500	110	60	True	50													1,5	60	55	400	80	600	50	800	100	50	10			-1	2	0								500	20	37						1			40				False	False	7	False	31000	4000				65	0,25
5	80	450	5600	10	5	7	-300	5600	200	30	30	5898783	76	190	10001							3600	7200	29	20	3	37	0,1	29	20	5	37	4		2089	2001		False	False													1	500	110	60	True	50													1,5	60	55	400	80	600	50	800	100	50	10			-1	2	0								500	20	37						1			40				False	False	7	False	31000	4000				65	0,25
5	80	450	5600	10	5	7	-300	5600	200	31	31	7021426	78	190	10001							3600	7200	29	20	3	37	0,1	29	20	5	37	4		2089	2001		False	False													1	500	110	60	True	50													1,5	60	55	400	80	600	50	800	100	50	10			-1	2	0								500	20	37						1			40				False	False	7	False	31000	4000				65	0,25
5	80	450	5600	10	5	7	-300	5600	200	32	32	8275585	83	190	10001							3600	7200	29	20	3	37	0,1	29	20	5	37	4		2089	2001		False	False													1	500	110	60	True	50													1,5	60	55	400	80	600	50	800	100	50	10			-1	2	0								500	20	37						1			40				False	False	7	False	31000	4000				65	0,25
5	80	450	5600	10	5	7	-300	5600	200	33	33	9730408	90	190	10001							3600	7200	29	20	3	37	0,1	29	20	5	37	4		2089	2001		False	False													1	500	110	60	True	50													1,5	60	55	400	80	600	50	800	100	50	10			-1	2	0								500	20	37						1			40				False	False	7	False	31000	4000				65	0,25
5	80	450	5600	10	5	7	-300	5600	200	34	34	11450277	101	190	10001							3600	7200	29	20	3	37	0,1	29	20	5	37	4		2089	2001		False	False													1	500	110	60	True	50													1,5	60	55	400	80	600	50	800	100	50	10			-1	2	0								500	20	37						1			40				False	False	7	False	31000	4000				65	0,25
5	80	450	5600	10	5	7	-300	5600	200	35	35	13544471	115	190	10001							3600	7200	29	20	3	37	0,1	29	20	5	37	4		2089	2001		False	False													1	500	110	60	True	50													1,5	60	55	400	80	600	50	800	100	50	10			-1	2	0								500	20	37						1			40				False	False	7	False	31000	4000				65	0,25
5	80	450	5600	10	5	7	-300	5600	200	36	36	16137427	127	190	10001							3600	7200	29	20	3	37	0,1	29	20	5	37	4		2089	2001		False	False													1	500	110	60	True	50													1,5	60	55	400	80	600	50	800	100	50	10			-1	2	0								500	20	37						1			40				False	False	7	False	31000	4000				65	0,25
5	80	450	5600	10	5	7	-300	5600	200	37	37	19167071	116	190	10001							3600	7200	29	20	3	37	0,1	29	20	5	37	4		2089	2001		False	False													1	500	110	60	True	50													1,5	60	55	400	80	600	50	800	100	50	10			-1	2	0								500	20	37						1			40				False	False	7	False	31000	4000				65	0,25
5	80	450	5600	10	5	7	-300	5600	200	38	38	22590568	128	190	10001							3600	7200	29	20	3	37	0,1	29	20	5	37	4		2089	2001		False	False													1	500	110	60	True	50													1,5	60	55	400	80	600	50	800	100	50	10			-1	2	0								500	20	37						1			40				False	False	7	False	31000	4000				65	0,25
5	80	450	5600	10	5	7	-300	5600	200	39	39	26459120	114	190	10001							3600	7200	29	20	3	37	0,1	29	20	5	37	4		2089	2001		False	False													1	500	110	60	True	50													1,5	60	55	400	80	600	50	800	100	50	10			-1	2	0								500	20	37						1			40				False	False	7	False	31000	4000				65	0,25
5	80	450	5600	10	5	7	-300	5600	200	40	40	30907955	119	190	10001							3600	7200	29	20	3	37	0,1	29	20	5	37	4		2089	2001		False	False													1	500	110	60	True	50													1,5	60	55	400	80	600	50	800	100	50	10			-1	2	0								500	20	37						1			40				False	False	7	False	31000	4000				65	0,25
5	80	450	5600	10	5	7	-300	5600	200	41	41	36335533	130	190	10001							3600	7200	29	20	3	37	0,1	29	20	5	37	4		2089	2001		False	False													1	500	110	60	True	50													1,5	60	55	400	80	600	50	800	100	50	10			-1	2	0								500	20	37						1			40				False	False	7	False	31000	4000				65	0,25
5	80	450	5600	10	5	7	-300	5600	200	42	42	43011454	154	190	10001							3600	7200	29	20	3	37	0,1	29	20	5	37	4		2089	2001		False	False													1	500	110	60	True	50													1,5	60	55	400	80	600	50	800	100	50	10			-1	2	0								500	20	37						1			40				False	False	7	False	31000	4000				65	0,25
5	80	450	5600	10	5	7	-300	5600	200	43	43	51356356	152	190	10001							3600	7200	29	20	3	37	0,1	29	20	5	37	4		2089	2001		False	False													1	500	110	60	True	50													1,5	60	55	400	80	600	50	800	100	50	10			-1	2	0								500	20	37						1			40				False	False	7	False	31000	4000				65	0,25
5	80	450	5600	10	5	7	-300	5600	200	44	44	61787484	160	190	10001							3600	7200	29	20	3	37	0,1	29	20	5	37	4		2089	2001		False	False													1	500	110	60	True	50													1,5	60	55	400	80	600	50	800	100	50	10			-1	2	0								500	20	37						1			40				False	False	7	False	31000	4000				65	0,25
5	80	450	5600	10	5	7	-300	5600	200	45	45	74722083	160	190	10001							3600	7200	29	20	3	37	0,1	29	20	5	37	4		2089	2001		False	False													1	500	110	60	True	50													1,5	60	55	400	80	600	50	800	100	50	10			-1	2	0								500	20	37						1			40				False	False	7	False	31000	4000				65	0,25
5	80	450	5600	10	5	7	-300	5600	200	46	46	90114255	184	190	10001							3600	7200	29	20	3	37	0,1	29	20	5	37	4		2089	2001		False	False													1	500	110	60	True	50													1,5	60	55	400	80	600	50	800	100	50	10			-1	2	0								500	20	37						1			40				False	False	7	False	31000	4000				65	0,25
5	80	450	5600	10	5	7	-300	5600	200	47	47	107815253	188	190	10001							3600	7200	29	20	3	37	0,1	29	20	5	37	4		2089	2001		False	False													1	500	110	60	True	50													1,5	60	55	400	80	600	50	800	100	50	10			-1	2	0								500	20	37						1			40				False	False	7	False	31000	4000				65	0,25
5	80	450	5600	10	5	7	-300	5600	200	48	48	127817381	190	190	10001							3600	7200	29	20	3	37	0,1	29	20	5	37	4		2089	2001		False	False													1	500	110	60	True	50													1,5	60	55	400	80	600	50	800	100	50	10			-1	2	0								500	20	37						1			40				False	False	7	False	31000	4000				65	0,25
5	80	450	5600	10	5	7	-300	5600	200	49	49	149819509	168	190	10001							3600	7200	29	20	3	37	0,1	29	20	5	37	4		2089	2001		False	False													1	500	110	60	True	50													1,5	60	55	400	80	600	50	800	100	50	10			-1	2	0								500	20	37						1			40				False	False	7	False	31000	4000				65	0,25
5	80	450	5600	10	5	7	-300	5600	200	50	50	174770163	180	190	10001							3600	7200	29	20	3	37	0,1	29	20	5	37	4		2089	2001		False	False													1	500	110	60	True	50													1,5	60	55	400	80	600	50	800	100	50	10			-1	2	0								500	20	37						1			40				False	False	7	False	31000	4000				65	0,25
5	80	450	5600	10	5	7	-300	5600	200	51	51	202477270	192	190	10001							3600	7200	29	20	3	37	0,1	29	20	5	37	4		2089	2001		False	False													1	500	110	60	True	50													1,5	60	55	400	80	600	50	800	100	50	10			-1	2	0								500	20	37						1			40				False	False	7	False	31000	4000				65	0,25
5	80	450	5600	10	5	7	-300	5600	200	52	52	233242615	199	190	10001							3600	7200	29	20	3	37	0,1	29	20	5	37	4		2089	2001		False	False													1	500	110	60	True	50													1,5	60	55	400	80	600	50	800	100	50	10			-1	2	0								500	20	37						1			40				False	False	7	False	31000	4000				65	0,25
5	80	450	5600	10	5	7	-300	5600	200	53	53	267400774	207	190	10001							3600	7200	29	20	3	37	0,1	29	20	5	37	4		2089	2001		False	False													1	500	110	60	True	50													1,5	60	55	400	80	600	50	800	100	50	10			-1	2	0								500	20	37						1			40				False	False	7	False	31000	4000				65	0,25
5	80	450	5600	10	5	7	-300	5600	200	54	54	305322656	209	190	10001							3600	7200	29	20	3	37	0,1	29	20	5	37	4		2089	2001		False	False													1	500	110	60	True	50													1,5	60	55	400	80	600	50	800	100	50	10			-1	2	0								500	20	37						1			40				False	False	7	False	31000	4000				65	0,25
5	80	450	5600	10	5	7	-300	5600	200	55	55	347419424	224	190	10001							3600	7200	29	20	3	37	0,1	29	20	5	37	4		2089	2001		False	False													1	500	110	60	True	50													1,5	60	55	400	80	600	50	800	100	50	10			-1	2	0								500	20	37						1			40				False	False	7	False	31000	4000				65	0,25
5	80	450	5600	10	5	7	-300	5600	200	56	56	394146836	229	190	10001							3600	7200	29	20	3	37	0,1	29	20	5	37	4		2089	2001		False	False													1	500	110	60	True	50													1,5	60	55	400	80	600	50	800	100	50	10			-1	2	0								500	20	37						1			40				False	False	7	False	31000	4000				65	0,25
5	80	450	5600	10	5	7	-300	5600	200	57	57	446010054	229	190	10001							3600	7200	29	20	3	37	0,1	29	20	5	37	4		2089	2001		False	False													1	500	110	60	True	50													1,5	60	55	400	80	600	50	800	100	50	10			-1	2	0								500	20	37						1			40				False	False	7	False	31000	4000				65	0,25
5	80	450	5600	10	5	7	-300	5600	200	58	58	541343794	268	190	10001							3600	7200	29	20	3	37	0,1	29	20	5	37	4		2089	2001		False	False													1	500	110	60	True	50													1,5	60	55	400	80	600	50	800	100	50	10			-1	2	0								500	20	37						1			40				False	False	7	False	31000	4000				65	0,25
5	80	450	5600	10	5	7	-300	5600	200	59	59	692902622	280	190	10001							3600	7200	29	20	3	37	0,1	29	20	5	37	4		2089	2001		False	False													1	500	110	60	True	50													1,5	60	55	400	80	600	50	800	100	50	10			-1	2	0								500	20	37						1			40				False	False	7	False	31000	4000				65	0,25
5	80	450	5600	10	5	7	-300	5600	200	60	60	1855567467	401	190	10001							3600	7200	29	20	3	37	0,1	29	20	5	37	4		2089	2001		False	False													1	500	110	60	True	50													1,5	60	55	400	80	600	50	800	100	50	10			-1	2	0								500	20	37						1			40				False	False	7	False	31000	4000				65	0,25
5	80	450	5600	10	5	7	-300	5600	200	61	61	3117029930	401	190	10001							3600	7200	29	20	3	37	0,1	29	20	5	37	4		2089	2001		False	False													1	500	110	60	True	50													1,5	60	55	400	80	600	50	800	100	50	10			-1	2	0								500	20	37						1			40				False	False	7	False	31000	4000				65	0,25
5	80	450	5600	10	5	7	-300	5600	200	62	62	4495199471	401	190	10001							3600	7200	29	20	3	37	0,1	29	20	5	37	4		2089	2001		False	False													1	500	110	60	True	50													1,5	60	55	400	80	600	50	800	100	50	10			-1	2	0								500	20	37						1			40				False	False	7	False	31000	4000				65	0,25
5	80	450	5600	10	5	7	-300	5600	200	63	63	6016452207	401	190	10001							3600	7200	29	20	3	37	0,1	29	20	5	37	4		2089	2001		False	False													1	500	110	60	True	50													1,5	60	55	400	80	600	50	800	100	50	10			-1	2	0								500	20	37						1			40				False	False	7	False	31000	4000				65	0,25
5	80	450	5600	10	5	7	-300	5600	200	64	64	7701537916	401	190	10001							3600	7200	29	20	3	37	0,1	29	20	5	37	4		2089	2001		False	False													1	500	110	60	True	50													1,5	60	55	400	80	600	50	800	100	50	10			-1	2	0								500	20	37						1			40				False	False	7	False	31000	4000				65	0,25
5	80	450	5600	10	5	7	-300	5600	200	65	65	9616157695	401	190	10001							3600	7200	29	20	3	37	0,1	29	20	5	37	4		2089	2001		False	False													1	500	110	60	True	50													1,5	60	55	400	80	600	50	800	100	50	10			-1	2	0								500	20	37						1			40				False	False	7	False	31000	4000				65	0,25
5	80	450	5600	10	5	7	-300	5600	200					190	10001	25	Stronghold	3	100	100		3600	7200	29	20	3	37	0,1	29	20	5	37	4		2089	2001		False	False													1	500	110	60	True	50													1,5	60	55	400	80	600	50	800	100	50	10			-1	2	0								500	20	37						1			40				False	False	7	False	31000	4000				65	0,25
5	80	450	5600	10	5	7	-300	5600	200					190	10001	25	Climb	2	100	20		3600	7200	29	20	3	37	0,1	29	20	5	37	4		2089	2001		False	False													1	500	110	60	True	50													1,5	60	55	400	80	600	50	800	100	50	10			-1	2	0								500	20	37						1			40				False	False	7	False	31000	4000				65	0,25
5	80	450	5600	10	5	7	-300	5600	200					190	10001	25	NpcTalk	1	150	150		3600	7200	29	20	3	37	0,1	29	20	5	37	4		2089	2001		False	False													1	500	110	60	True	50													1,5	60	55	400	80	600	50	800	100	50	10			-1	2	0								500	20	37						1			40				False	False	7	False	31000	4000				65	0,25
5	80	450	5600	10	5	7	-300	5600	200					190	10001	25	Collect	1	100	40		3600	7200	29	20	3	37	0,1	29	20	5	37	4		2089	2001		False	False													1	500	110	60	True	50													1,5	60	55	400	80	600	50	800	100	50	10			-1	2	0								500	20	37						1			40				False	False	7	False	31000	4000				65	0,25
5	80	450	5600	10	5	7	-300	5600	200					190	10001	25	Homun	1	100	50		3600	7200	29	20	3	37	0,1	29	20	5	37	4		2089	2001		False	False													1	500	110	60	True	50													1,5	60	55	400	80	600	50	800	100	50	10			-1	2	0								500	20	37						1			40				False	False	7	False	31000	4000				65	0,25
5	80	450	5600	10	5	7	-300	5600	200					190	10001	25	DropItem	1	170	75		3600	7200	29	20	3	37	0,1	29	20	5	37	4		2089	2001		False	False													1	500	110	60	True	50													1,5	60	55	400	80	600	50	800	100	50	10			-1	2	0								500	20	37						1			40				False	False	7	False	31000	4000				65	0,25
5	80	450	5600	10	5	7	-300	5600	200					190	10001	25	VehicleExFix	1	200	200		3600	7200	29	20	3	37	0,1	29	20	5	37	4		2089	2001		False	False													1	500	110	60	True	50													1,5	60	55	400	80	600	50	800	100	50	10			-1	2	0								500	20	37						1			40				False	False	7	False	31000	4000				65	0,25
5	80	450	5600	10	5	7	-300	5600	200					190	10001	25	SpiritFix	1	200	200		3600	7200	29	20	3	37	0,1	29	20	5	37	4		2089	2001		False	False													1	500	110	60	True	50													1,5	60	55	400	80	600	50	800	100	50	10			-1	2	0								500	20	37						1			40				False	False	7	False	31000	4000				65	0,25
5	80	450	5600	10	5	7	-300	5600	200					190	10001	25	WorkObject	1	100	70		3600	7200	29	20	3	37	0,1	29	20	5	37	4		2089	2001		False	False													1	500	110	60	True	50													1,5	60	55	400	80	600	50	800	100	50	10			-1	2	0								500	20	37						1			40				False	False	7	False	31000	4000				65	0,25
5	80	450	5600	10	5	7	-300	5600	200					190	10001	25	GuildTower	1	200	200	256	3600	7200	29	20	3	37	0,1	29	20	5	37	4		2089	2001		False	False													1	500	110	60	True	50													1,5	60	55	400	80	600	50	800	100	50	10			-1	2	0								500	20	37						1			40				False	False	7	False	31000	4000				65	0,25
5	80	450	5600	10	5	7	-300	5600	200					190	10001							3600	7200	29	20	3	37	0,1	29	20	5	37	4	1800	2089	2001		False	False													1	500	110	60	True	50													1,5	60	55	400	80	600	50	800	100	50	10			-1	2	0								500	20	37						1			40				False	False	7	False	31000	4000				65	0,25
5	80	450	5600	10	5	7	-300	5600	200					190	10001							3600	7200	29	20	3	37	0,1	29	20	5	37	4	3600	2089	2001		False	False													1	500	110	60	True	50													1,5	60	55	400	80	600	50	800	100	50	10			-1	2	0								500	20	37						1			40				False	False	7	False	31000	4000				65	0,25
5	80	450	5600	10	5	7	-300	5600	200					190	10001							3600	7200	29	20	3	37	0,1	29	20	5	37	4	18000	2089	2001		False	False													1	500	110	60	True	50													1,5	60	55	400	80	600	50	800	100	50	10			-1	2	0								500	20	37						1			40				False	False	7	False	31000	4000				65	0,25
5	80	450	5600	10	5	7	-300	5600	200					190	10001							3600	7200	29	20	3	37	0,1	29	20	5	37	4	36000	2089	2001		False	False													1	500	110	60	True	50													1,5	60	55	400	80	600	50	800	100	50	10			-1	2	0								500	20	37						1			40				False	False	7	False	31000	4000				65	0,25
5	80	450	5600	10	5	7	-300	5600	200					190	10001							3600	7200	29	20	3	37	0,1	29	20	5	37	4		2089	2001		False	False	warrior	ModuleSound.ArmorCriticalHitCUE.CriticalHit											1	500	110	60	True	50													1,5	60	55	400	80	600	50	800	100	50	10			-1	2	0								500	20	37						1			40				False	False	7	False	31000	4000				65	0,25
5	80	450	5600	10	5	7	-300	5600	200					190	10001							3600	7200	29	20	3	37	0,1	29	20	5	37	4		2089	2001		False	False	lancer	ModuleSound.ArmorCriticalHitCUE.CriticalHit											1	500	110	60	True	50													1,5	60	55	400	80	600	50	800	100	50	10			-1	2	0								500	20	37						1			40				False	False	7	False	31000	4000				65	0,25
5	80	450	5600	10	5	7	-300	5600	200					190	10001							3600	7200	29	20	3	37	0,1	29	20	5	37	4		2089	2001		False	False	slayer	ModuleSound.ArmorCriticalHitCUE.CriticalHit											1	500	110	60	True	50													1,5	60	55	400	80	600	50	800	100	50	10			-1	2	0								500	20	37						1			40				False	False	7	False	31000	4000				65	0,25
5	80	450	5600	10	5	7	-300	5600	200					190	10001							3600	7200	29	20	3	37	0,1	29	20	5	37	4		2089	2001		False	False	berserker	ModuleSound.ArmorCriticalHitCUE.CriticalHit											1	500	110	60	True	50													1,5	60	55	400	80	600	50	800	100	50	10			-1	2	0								500	20	37						1			40				False	False	7	False	31000	4000				65	0,25
5	80	450	5600	10	5	7	-300	5600	200					190	10001							3600	7200	29	20	3	37	0,1	29	20	5	37	4		2089	2001		False	False	sorcerer												1	500	110	60	True	50													1,5	60	55	400	80	600	50	800	100	50	10			-1	2	0								500	20	37						1			40				False	False	7	False	31000	4000				65	0,25
5	80	450	5600	10	5	7	-300	5600	200					190	10001							3600	7200	29	20	3	37	0,1	29	20	5	37	4		2089	2001		False	False	archer	ModuleSound.ArmorCriticalHitCUE.CriticalHit											1	500	110	60	True	50													1,5	60	55	400	80	600	50	800	100	50	10			-1	2	0								500	20	37						1			40				False	False	7	False	31000	4000				65	0,25
5	80	450	5600	10	5	7	-300	5600	200					190	10001							3600	7200	29	20	3	37	0,1	29	20	5	37	4		2089	2001		False	False	priest												1	500	110	60	True	50													1,5	60	55	400	80	600	50	800	100	50	10			-1	2	0								500	20	37						1			40				False	False	7	False	31000	4000				65	0,25
5	80	450	5600	10	5	7	-300	5600	200					190	10001							3600	7200	29	20	3	37	0,1	29	20	5	37	4		2089	2001		False	False	elementalist												1	500	110	60	True	50													1,5	60	55	400	80	600	50	800	100	50	10			-1	2	0								500	20	37						1			40				False	False	7	False	31000	4000				65	0,25
5	80	450	5600	10	5	7	-300	5600	200					190	10001							3600	7200	29	20	3	37	0,1	29	20	5	37	4		2089	2001		False	False	soulless	ModuleSound.ArmorCriticalHitCUE.CriticalHit											1	500	110	60	True	50													1,5	60	55	400	80	600	50	800	100	50	10			-1	2	0								500	20	37						1			40				False	False	7	False	31000	4000				65	0,25
5	80	450	5600	10	5	7	-300	5600	200					190	10001							3600	7200	29	20	3	37	0,1	29	20	5	37	4		2089	2001		False	False	engineer	ModuleSound.ArmorCriticalHitCUE.CriticalHit											1	500	110	60	True	50													1,5	60	55	400	80	600	50	800	100	50	10			-1	2	0								500	20	37						1			40				False	False	7	False	31000	4000				65	0,25
5	80	450	5600	10	5	7	-300	5600	200					190	10001							3600	7200	29	20	3	37	0,1	29	20	5	37	4		2089	2001		False	False	fighter	ModuleSound.ArmorCriticalHitCUE.CriticalHit											1	500	110	60	True	50													1,5	60	55	400	80	600	50	800	100	50	10			-1	2	0								500	20	37						1			40				False	False	7	False	31000	4000				65	0,25
5	80	450	5600	10	5	7	-300	5600	200					190	10001							3600	7200	29	20	3	37	0,1	29	20	5	37	4		2089	2001		False	False	assassin	ModuleSound.ArmorCriticalHitCUE.CriticalHit											1	500	110	60	True	50													1,5	60	55	400	80	600	50	800	100	50	10			-1	2	0								500	20	37						1			40				False	False	7	False	31000	4000				65	0,25
5	80	450	5600	10	5	7	-300	5600	200					190	10001							3600	7200	29	20	3	37	0,1	29	20	5	37	4		2089	2001		False	False			139729										1	500	110	60	True	50													1,5	60	55	400	80	600	50	800	100	50	10			-1	2	0								500	20	37						1			40				False	False	7	False	31000	4000				65	0,25
5	80	450	5600	10	5	7	-300	5600	200					190	10001							3600	7200	29	20	3	37	0,1	29	20	5	37	4		2089	2001		False	False			149051										1	500	110	60	True	50													1,5	60	55	400	80	600	50	800	100	50	10			-1	2	0								500	20	37						1			40				False	False	7	False	31000	4000				65	0,25
5	80	450	5600	10	5	7	-300	5600	200					190	10001							3600	7200	29	20	3	37	0,1	29	20	5	37	4		2089	2001		False	False			334										1	500	110	60	True	50													1,5	60	55	400	80	600	50	800	100	50	10			-1	2	0								500	20	37						1			40				False	False	7	False	31000	4000				65	0,25
5	80	450	5600	10	5	7	-300	5600	200					190	10001							3600	7200	29	20	3	37	0,1	29	20	5	37	4		2089	2001		False	False			335										1	500	110	60	True	50													1,5	60	55	400	80	600	50	800	100	50	10			-1	2	0								500	20	37						1			40				False	False	7	False	31000	4000				65	0,25
5	80	450	5600	10	5	7	-300	5600	200					190	10001							3600	7200	29	20	3	37	0,1	29	20	5	37	4		2089	2001		False	False			1194										1	500	110	60	True	50													1,5	60	55	400	80	600	50	800	100	50	10			-1	2	0								500	20	37						1			40				False	False	7	False	31000	4000				65	0,25
5	80	450	5600	10	5	7	-300	5600	200					190	10001							3600	7200	29	20	3	37	0,1	29	20	5	37	4		2089	2001		False	False			1195										1	500	110	60	True	50													1,5	60	55	400	80	600	50	800	100	50	10			-1	2	0								500	20	37						1			40				False	False	7	False	31000	4000				65	0,25
5	80	450	5600	10	5	7	-300	5600	200					190	10001							3600	7200	29	20	3	37	0,1	29	20	5	37	4		2089	2001		False	False			1196										1	500	110	60	True	50													1,5	60	55	400	80	600	50	800	100	50	10			-1	2	0								500	20	37						1			40				False	False	7	False	31000	4000				65	0,25
5	80	450	5600	10	5	7	-300	5600	200					190	10001							3600	7200	29	20	3	37	0,1	29	20	5	37	4		2089	2001		False	False			1197										1	500	110	60	True	50													1,5	60	55	400	80	600	50	800	100	50	10			-1	2	0								500	20	37						1			40				False	False	7	False	31000	4000				65	0,25
5	80	450	5600	10	5	7	-300	5600	200					190	10001							3600	7200	29	20	3	37	0,1	29	20	5	37	4		2089	2001		False	False			1164										1	500	110	60	True	50													1,5	60	55	400	80	600	50	800	100	50	10			-1	2	0								500	20	37						1			40				False	False	7	False	31000	4000				65	0,25
5	80	450	5600	10	5	7	-300	5600	200					190	10001							3600	7200	29	20	3	37	0,1	29	20	5	37	4		2089	2001		False	False			1167										1	500	110	60	True	50													1,5	60	55	400	80	600	50	800	100	50	10			-1	2	0								500	20	37						1			40				False	False	7	False	31000	4000				65	0,25
5	80	450	5600	10	5	7	-300	5600	200					190	10001							3600	7200	29	20	3	37	0,1	29	20	5	37	4		2089	2001		False	False			1170										1	500	110	60	True	50													1,5	60	55	400	80	600	50	800	100	50	10			-1	2	0								500	20	37						1			40				False	False	7	False	31000	4000				65	0,25
5	80	450	5600	10	5	7	-300	5600	200					190	10001							3600	7200	29	20	3	37	0,1	29	20	5	37	4		2089	2001		False	False			1185										1	500	110	60	True	50													1,5	60	55	400	80	600	50	800	100	50	10			-1	2	0								500	20	37						1			40				False	False	7	False	31000	4000				65	0,25
5	80	450	5600	10	5	7	-300	5600	200					190	10001							3600	7200	29	20	3	37	0,1	29	20	5	37	4		2089	2001		False	False			397										1	500	110	60	True	50													1,5	60	55	400	80	600	50	800	100	50	10			-1	2	0								500	20	37						1			40				False	False	7	False	31000	4000				65	0,25
5	80	450	5600	10	5	7	-300	5600	200					190	10001							3600	7200	29	20	3	37	0,1	29	20	5	37	4		2089	2001		False	False			70001										1	500	110	60	True	50													1,5	60	55	400	80	600	50	800	100	50	10			-1	2	0								500	20	37						1			40				False	False	7	False	31000	4000				65	0,25
5	80	450	5600	10	5	7	-300	5600	200					190	10001							3600	7200	29	20	3	37	0,1	29	20	5	37	4		2089	2001		False	False			70052										1	500	110	60	True	50													1,5	60	55	400	80	600	50	800	100	50	10			-1	2	0								500	20	37						1			40				False	False	7	False	31000	4000				65	0,25
5	80	450	5600	10	5	7	-300	5600	200					190	10001							3600	7200	29	20	3	37	0,1	29	20	5	37	4		2089	2001		False	False			98032										1	500	110	60	True	50													1,5	60	55	400	80	600	50	800	100	50	10			-1	2	0								500	20	37						1			40				False	False	7	False	31000	4000				65	0,25
5	80	450	5600	10	5	7	-300	5600	200					190	10001							3600	7200	29	20	3	37	0,1	29	20	5	37	4		2089	2001		False	False			99011										1	500	110	60	True	50													1,5	60	55	400	80	600	50	800	100	50	10			-1	2	0								500	20	37						1			40				False	False	7	False	31000	4000				65	0,25
5	80	450	5600	10	5	7	-300	5600	200					190	10001							3600	7200	29	20	3	37	0,1	29	20	5	37	4		2089	2001		False	False			99012										1	500	110	60	True	50													1,5	60	55	400	80	600	50	800	100	50	10			-1	2	0								500	20	37						1			40				False	False	7	False	31000	4000				65	0,25
5	80	450	5600	10	5	7	-300	5600	200					190	10001							3600	7200	29	20	3	37	0,1	29	20	5	37	4		2089	2001		False	False			99013										1	500	110	60	True	50													1,5	60	55	400	80	600	50	800	100	50	10			-1	2	0								500	20	37						1			40				False	False	7	False	31000	4000				65	0,25
5	80	450	5600	10	5	7	-300	5600	200					190	10001							3600	7200	29	20	3	37	0,1	29	20	5	37	4		2089	2001		False	False			99014										1	500	110	60	True	50													1,5	60	55	400	80	600	50	800	100	50	10			-1	2	0								500	20	37						1			40				False	False	7	False	31000	4000				65	0,25
5	80	450	5600	10	5	7	-300	5600	200					190	10001							3600	7200	29	20	3	37	0,1	29	20	5	37	4		2089	2001		False	False			99015										1	500	110	60	True	50													1,5	60	55	400	80	600	50	800	100	50	10			-1	2	0								500	20	37						1			40				False	False	7	False	31000	4000				65	0,25
5	80	450	5600	10	5	7	-300	5600	200					190	10001							3600	7200	29	20	3	37	0,1	29	20	5	37	4		2089	2001		False	False			99016										1	500	110	60	True	50													1,5	60	55	400	80	600	50	800	100	50	10			-1	2	0								500	20	37						1			40				False	False	7	False	31000	4000				65	0,25
5	80	450	5600	10	5	7	-300	5600	200					190	10001							3600	7200	29	20	3	37	0,1	29	20	5	37	4		2089	2001		False	False			99017										1	500	110	60	True	50													1,5	60	55	400	80	600	50	800	100	50	10			-1	2	0								500	20	37						1			40				False	False	7	False	31000	4000				65	0,25
5	80	450	5600	10	5	7	-300	5600	200					190	10001							3600	7200	29	20	3	37	0,1	29	20	5	37	4		2089	2001		False	False			99018										1	500	110	60	True	50													1,5	60	55	400	80	600	50	800	100	50	10			-1	2	0								500	20	37						1			40				False	False	7	False	31000	4000				65	0,25
5	80	450	5600	10	5	7	-300	5600	200					190	10001							3600	7200	29	20	3	37	0,1	29	20	5	37	4		2089	2001		False	False				0	1								1	500	110	60	True	50													1,5	60	55	400	80	600	50	800	100	50	10			-1	2	0								500	20	37						1			40				False	False	7	False	31000	4000				65	0,25
5	80	450	5600	10	5	7	-300	5600	200					190	10001							3600	7200	29	20	3	37	0,1	29	20	5	37	4		2089	2001		False	False				1	3								1	500	110	60	True	50													1,5	60	55	400	80	600	50	800	100	50	10			-1	2	0								500	20	37						1			40				False	False	7	False	31000	4000				65	0,25
5	80	450	5600	10	5	7	-300	5600	200					190	10001							3600	7200	29	20	3	37	0,1	29	20	5	37	4		2089	2001		False	False				2	5								1	500	110	60	True	50													1,5	60	55	400	80	600	50	800	100	50	10			-1	2	0								500	20	37						1			40				False	False	7	False	31000	4000				65	0,25
5	80	450	5600	10	5	7	-300	5600	200					190	10001							3600	7200	29	20	3	37	0,1	29	20	5	37	4		2089	2001		False	False				3	8								1	500	110	60	True	50													1,5	60	55	400	80	600	50	800	100	50	10			-1	2	0								500	20	37						1			40				False	False	7	False	31000	4000				65	0,25
5	80	450	5600	10	5	7	-300	5600	200					190	10001							3600	7200	29	20	3	37	0,1	29	20	5	37	4		2089	2001		False	False						15	5	5	0	1			1	500	110	60	True	50													1,5	60	55	400	80	600	50	800	100	50	10			-1	2	0								500	20	37						1			40				False	False	7	False	31000	4000				65	0,25
5	80	450	5600	10	5	7	-300	5600	200					190	10001							3600	7200	29	20	3	37	0,1	29	20	5	37	4		2089	2001		False	False						446	8	5	6	1			1	500	110	60	True	50													1,5	60	55	400	80	600	50	800	100	50	10			-1	2	0								500	20	37						1			40				False	False	7	False	31000	4000				65	0,25
5	80	450	5600	10	5	7	-300	5600	200					190	10001							3600	7200	29	20	3	37	0,1	29	20	5	37	4		2089	2001		False	False						94201	8	1	0	1			1	500	110	60	True	50													1,5	60	55	400	80	600	50	800	100	50	10			-1	2	0								500	20	37						1			40				False	False	7	False	31000	4000				65	0,25
5	80	450	5600	10	5	7	-300	5600	200					190	10001							3600	7200	29	20	3	37	0,1	29	20	5	37	4		2089	2001		False	False						94202	8	2	0	1			1	500	110	60	True	50													1,5	60	55	400	80	600	50	800	100	50	10			-1	2	0								500	20	37						1			40				False	False	7	False	31000	4000				65	0,25
5	80	450	5600	10	5	7	-300	5600	200					190	10001							3600	7200	29	20	3	37	0,1	29	20	5	37	4		2089	2001		False	False						94203	8	3	0	1			1	500	110	60	True	50													1,5	60	55	400	80	600	50	800	100	50	10			-1	2	0								500	20	37						1			40				False	False	7	False	31000	4000				65	0,25
5	80	450	5600	10	5	7	-300	5600	200					190	10001							3600	7200	29	20	3	37	0,1	29	20	5	37	4		2089	2001		False	False						94204	8	4	0	1			1	500	110	60	True	50													1,5	60	55	400	80	600	50	800	100	50	10			-1	2	0								500	20	37						1			40				False	False	7	False	31000	4000				65	0,25
5	80	450	5600	10	5	7	-300	5600	200					190	10001							3600	7200	29	20	3	37	0,1	29	20	5	37	4		2089	2001		False	False						94205	8	5	0	1			1	500	110	60	True	50													1,5	60	55	400	80	600	50	800	100	50	10			-1	2	0								500	20	37						1			40				False	False	7	False	31000	4000				65	0,25
5	80	450	5600	10	5	7	-300	5600	200					190	10001							3600	7200	29	20	3	37	0,1	29	20	5	37	4		2089	2001		False	False						94206	8	6	0	1			1	500	110	60	True	50													1,5	60	55	400	80	600	50	800	100	50	10			-1	2	0								500	20	37						1			40				False	False	7	False	31000	4000				65	0,25
5	80	450	5600	10	5	7	-300	5600	200					190	10001							3600	7200	29	20	3	37	0,1	29	20	5	37	4		2089	2001		False	False						94207	8	7	0	1			1	500	110	60	True	50													1,5	60	55	400	80	600	50	800	100	50	10			-1	2	0								500	20	37						1			40				False	False	7	False	31000	4000				65	0,25
5	80	450	5600	10	5	7	-300	5600	200					190	10001							3600	7200	29	20	3	37	0,1	29	20	5	37	4		2089	2001		False	False						94208	8	8	0	1			1	500	110	60	True	50													1,5	60	55	400	80	600	50	800	100	50	10			-1	2	0								500	20	37						1			40				False	False	7	False	31000	4000				65	0,25
5	80	450	5600	10	5	7	-300	5600	200					190	10001							3600	7200	29	20	3	37	0,1	29	20	5	37	4		2089	2001		False	False						94209	8	9	0	1			1	500	110	60	True	50													1,5	60	55	400	80	600	50	800	100	50	10			-1	2	0								500	20	37						1			40				False	False	7	False	31000	4000				65	0,25
5	80	450	5600	10	5	7	-300	5600	200					190	10001							3600	7200	29	20	3	37	0,1	29	20	5	37	4		2089	2001		False	False						94210	8	10	0	1			1	500	110	60	True	50													1,5	60	55	400	80	600	50	800	100	50	10			-1	2	0								500	20	37						1			40				False	False	7	False	31000	4000				65	0,25
5	80	450	5600	10	5	7	-300	5600	200					190	10001							3600	7200	29	20	3	37	0,1	29	20	5	37	4		2089	2001		False	False						94211	8	11	0	1			1	500	110	60	True	50													1,5	60	55	400	80	600	50	800	100	50	10			-1	2	0								500	20	37						1			40				False	False	7	False	31000	4000				65	0,25
5	80	450	5600	10	5	7	-300	5600	200					190	10001							3600	7200	29	20	3	37	0,1	29	20	5	37	4		2089	2001		False	False						447	14		9		True		1	500	110	60	True	50													1,5	60	55	400	80	600	50	800	100	50	10			-1	2	0								500	20	37						1			40				False	False	7	False	31000	4000				65	0,25
5	80	450	5600	10	5	7	-300	5600	200					190	10001							3600	7200	29	20	3	37	0,1	29	20	5	37	4		2089	2001		False	False						448	8	5	6	1			1	500	110	60	True	50													1,5	60	55	400	80	600	50	800	100	50	10			-1	2	0								500	20	37						1			40				False	False	7	False	31000	4000				65	0,25
5	80	450	5600	10	5	7	-300	5600	200					190	10001							3600	7200	29	20	3	37	0,1	29	20	5	37	4		2089	2001		False	False						52	11		0			1	1	500	110	60	True	50													1,5	60	55	400	80	600	50	800	100	50	10			-1	2	0								500	20	37						1			40				False	False	7	False	31000	4000				65	0,25
5	80	450	5600	10	5	7	-300	5600	200					190	10001							3600	7200	29	20	3	37	0,1	29	20	5	37	4		2089	2001		False	False						430	11		0			1	1	500	110	60	True	50													1,5	60	55	400	80	600	50	800	100	50	10			-1	2	0								500	20	37						1			40				False	False	7	False	31000	4000				65	0,25
5	80	450	5600	10	5	7	-300	5600	200					190	10001							3600	7200	29	20	3	37	0,1	29	20	5	37	4		2089	2001		False	False						53	11		0			1	1	500	110	60	True	50													1,5	60	55	400	80	600	50	800	100	50	10			-1	2	0								500	20	37						1			40				False	False	7	False	31000	4000				65	0,25
5	80	450	5600	10	5	7	-300	5600	200					190	10001							3600	7200	29	20	3	37	0,1	29	20	5	37	4		2089	2001		False	False						58	11		0			1	1	500	110	60	True	50													1,5	60	55	400	80	600	50	800	100	50	10			-1	2	0								500	20	37						1			40				False	False	7	False	31000	4000				65	0,25
5	80	450	5600	10	5	7	-300	5600	200					190	10001							3600	7200	29	20	3	37	0,1	29	20	5	37	4		2089	2001		False	False						70	11		0			1	1	500	110	60	True	50													1,5	60	55	400	80	600	50	800	100	50	10			-1	2	0								500	20	37						1			40				False	False	7	False	31000	4000				65	0,25
5	80	450	5600	10	5	7	-300	5600	200					190	10001							3600	7200	29	20	3	37	0,1	29	20	5	37	4		2089	2001		False	False						70102	14		0		True	1	1	500	110	60	True	50													1,5	60	55	400	80	600	50	800	100	50	10			-1	2	0								500	20	37						1			40				False	False	7	False	31000	4000				65	0,25
5	80	450	5600	10	5	7	-300	5600	200					190	10001							3600	7200	29	20	3	37	0,1	29	20	5	37	4		2089	2001		False	False						70139	11		0			1	1	500	110	60	True	50													1,5	60	55	400	80	600	50	800	100	50	10			-1	2	0								500	20	37						1			40				False	False	7	False	31000	4000				65	0,25
5	80	450	5600	10	5	7	-300	5600	200					190	10001							3600	7200	29	20	3	37	0,1	29	20	5	37	4		2089	2001		False	False						70141	14		0		True	1	1	500	110	60	True	50													1,5	60	55	400	80	600	50	800	100	50	10			-1	2	0								500	20	37						1			40				False	False	7	False	31000	4000				65	0,25
5	80	450	5600	10	5	7	-300	5600	200					190	10001							3600	7200	29	20	3	37	0,1	29	20	5	37	4		2089	2001		False	False						100501	14		0		True	1	1	500	110	60	True	50													1,5	60	55	400	80	600	50	800	100	50	10			-1	2	0								500	20	37						1			40				False	False	7	False	31000	4000				65	0,25
5	80	450	5600	10	5	7	-300	5600	200					190	10001							3600	7200	29	20	3	37	0,1	29	20	5	37	4		2089	2001		False	False						139496	5	3	0	1			1	500	110	60	True	50													1,5	60	55	400	80	600	50	800	100	50	10			-1	2	0								500	20	37						1			40				False	False	7	False	31000	4000				65	0,25
5	80	450	5600	10	5	7	-300	5600	200					190	10001							3600	7200	29	20	3	37	0,1	29	20	5	37	4		2089	2001		False	False						139497	8	3	6	1			1	500	110	60	True	50													1,5	60	55	400	80	600	50	800	100	50	10			-1	2	0								500	20	37						1			40				False	False	7	False	31000	4000				65	0,25
5	80	450	5600	10	5	7	-300	5600	200					190	10001							3600	7200	29	20	3	37	0,1	29	20	5	37	4		2089	2001		False	False						180859	14		0		True	1	1	500	110	60	True	50													1,5	60	55	400	80	600	50	800	100	50	10			-1	2	0								500	20	37						1			40				False	False	7	False	31000	4000				65	0,25
5	80	450	5600	10	5	7	-300	5600	200					190	10001							3600	7200	29	20	3	37	0,1	29	20	5	37	4		2089	2001		False	False						178812	11		0		True	1	1	500	110	60	True	50													1,5	60	55	400	80	600	50	800	100	50	10			-1	2	0								500	20	37						1			40				False	False	7	False	31000	4000				65	0,25
5	80	450	5600	10	5	7	-300	5600	200					190	10001							3600	7200	29	20	3	37	0,1	29	20	5	37	4		2089	2001		False	False						100502	14		0		True	1	1	500	110	60	True	50													1,5	60	55	400	80	600	50	800	100	50	10			-1	2	0								500	20	37						1			40				False	False	7	False	31000	4000				65	0,25
5	80	450	5600	10	5	7	-300	5600	200					190	10001							3600	7200	29	20	3	37	0,1	29	20	5	37	4		2089	2001		False	False						149075	14		0		True	1	1	500	110	60	True	50													1,5	60	55	400	80	600	50	800	100	50	10			-1	2	0								500	20	37						1			40				False	False	7	False	31000	4000				65	0,25
5	80	450	5600	10	5	7	-300	5600	200					190	10001							3600	7200	29	20	3	37	0,1	29	20	5	37	4		2089	2001		False	False						212744	14		0		True	1	1	500	110	60	True	50													1,5	60	55	400	80	600	50	800	100	50	10			-1	2	0								500	20	37						1			40				False	False	7	False	31000	4000				65	0,25
5	80	450	5600	10	5	7	-300	5600	200					190	10001							3600	7200	29	20	3	37	0,1	29	20	5	37	4		2089	2001		False	False						212745	14		0		True	1	1	500	110	60	True	50													1,5	60	55	400	80	600	50	800	100	50	10			-1	2	0								500	20	37						1			40				False	False	7	False	31000	4000				65	0,25
5	80	450	5600	10	5	7	-300	5600	200					190	10001							3600	7200	29	20	3	37	0,1	29	20	5	37	4		2089	2001		False	False						212746	14		0		True	1	1	500	110	60	True	50													1,5	60	55	400	80	600	50	800	100	50	10			-1	2	0								500	20	37						1			40				False	False	7	False	31000	4000				65	0,25
5	80	450	5600	10	5	7	-300	5600	200					190	10001							3600	7200	29	20	3	37	0,1	29	20	5	37	4		2089	2001		False	False						212742	8		6			0	1	500	110	60	True	50													1,5	60	55	400	80	600	50	800	100	50	10			-1	2	0								500	20	37						1			40				False	False	7	False	31000	4000				65	0,25
5	80	450	5600	10	5	7	-300	5600	200					190	10001							3600	7200	29	20	3	37	0,1	29	20	5	37	4		2089	2001		False	False						212743	14		9		True	0	1	500	110	60	True	50													1,5	60	55	400	80	600	50	800	100	50	10			-1	2	0								500	20	37						1			40				False	False	7	False	31000	4000				65	0,25
5	80	450	5600	10	5	7	-300	5600	200					190	10001							3600	7200	29	20	3	37	0,1	29	20	5	37	4		2089	2001		False	False						213356	8	6	0	1			1	500	110	60	True	50													1,5	60	55	400	80	600	50	800	100	50	10			-1	2	0								500	20	37						1			40				False	False	7	False	31000	4000				65	0,25
5	80	450	5600	10	5	7	-300	5600	200					190	10001							3600	7200	29	20	3	37	0,1	29	20	5	37	4		2089	2001		False	False						91120	5	3	0	1			1	500	110	60	True	50													1,5	60	55	400	80	600	50	800	100	50	10			-1	2	0								500	20	37						1			40				False	False	7	False	31000	4000				65	0,25
5	80	450	5600	10	5	7	-300	5600	200					190	10001							3600	7200	29	20	3	37	0,1	29	20	5	37	4		2089	2001		False	False						91121	8	3	6	1			1	500	110	60	True	50													1,5	60	55	400	80	600	50	800	100	50	10			-1	2	0								500	20	37						1			40				False	False	7	False	31000	4000				65	0,25
5	80	450	5600	10	5	7	-300	5600	200					190	10001							3600	7200	29	20	3	37	0,1	29	20	5	37	4		2089	2001		False	False						151666	14		9		True		1	500	110	60	True	50													1,5	60	55	400	80	600	50	800	100	50	10			-1	2	0								500	20	37						1			40				False	False	7	False	31000	4000				65	0,25
5	80	450	5600	10	5	7	-300	5600	200					190	10001							3600	7200	29	20	3	37	0,1	29	20	5	37	4		2089	2001		False	False						790	11		0			1	1	500	110	60	True	50													1,5	60	55	400	80	600	50	800	100	50	10			-1	2	0								500	20	37						1			40				False	False	7	False	31000	4000				65	0,25
5	80	450	5600	10	5	7	-300	5600	200					190	10001							3600	7200	29	20	3	37	0,1	29	20	5	37	4		2089	2001		False	False						791	11		0			1	1	500	110	60	True	50													1,5	60	55	400	80	600	50	800	100	50	10			-1	2	0								500	20	37						1			40				False	False	7	False	31000	4000				65	0,25
5	80	450	5600	10	5	7	-300	5600	200					190	10001							3600	7200	29	20	3	37	0,1	29	20	5	37	4		2089	2001		False	False													1	500	110	60	True	50	180	small	25	-125	175								1,5	60	55	400	80	600	50	800	100	50	10			-1	2	0								500	20	37						1			40				False	False	7	False	31000	4000				65	0,25
5	80	450	5600	10	5	7	-300	5600	200					190	10001							3600	7200	29	20	3	37	0,1	29	20	5	37	4		2089	2001		False	False													1	500	110	60	True	50	180	medium	25	-125	175								1,5	60	55	400	80	600	50	800	100	50	10			-1	2	0								500	20	37						1			40				False	False	7	False	31000	4000				65	0,25
5	80	450	5600	10	5	7	-300	5600	200					190	10001							3600	7200	29	20	3	37	0,1	29	20	5	37	4		2089	2001		False	False													1	500	110	60	True	50						SysMsgSmall	<font color='#C87551'>	</font><img src='Copper_smalltoken' vspace='-4'/>	<font color='#FFB033'>	</font><img src='Gold_smalltoken' vspace='-4'/>	<font color='#D7D7D7'>	</font><img src='Silver_smalltoken' vspace='-4'/>	1,5	60	55	400	80	600	50	800	100	50	10			-1	2	0								500	20	37						1			40				False	False	7	False	31000	4000				65	0,25
5	80	450	5600	10	5	7	-300	5600	200					190	10001							3600	7200	29	20	3	37	0,1	29	20	5	37	4		2089	2001		False	False													1	500	110	60	True	50						SysMsgLarge	<font color='#C87551'>	</font><img src='Copper_largetoken' vspace='-1'/>	<font color='#FFB033'>	</font><img src='Gold_largetoken' vspace='-1'/>	<font color='#D7D7D7'>	</font><img src='Silver_largetoken' vspace='-1'/>	1,5	60	55	400	80	600	50	800	100	50	10			-1	2	0								500	20	37						1			40				False	False	7	False	31000	4000				65	0,25
5	80	450	5600	10	5	7	-300	5600	200					190	10001							3600	7200	29	20	3	37	0,1	29	20	5	37	4		2089	2001		False	False													1	500	110	60	True	50						Chat	<font color='#C87551'>	</font><img src='Copper_smalltoken' vspace='-2'/>	<font color='#FFB033'>	</font><img src='Gold_smalltoken' vspace='-2'/>	<font color='#D7D7D7'>	</font><img src='Silver_smalltoken' vspace='-2'/>	1,5	60	55	400	80	600	50	800	100	50	10			-1	2	0								500	20	37						1			40				False	False	7	False	31000	4000				65	0,25
5	80	450	5600	10	5	7	-300	5600	200					190	10001							3600	7200	29	20	3	37	0,1	29	20	5	37	4		2089	2001		False	False													1	500	110	60	True	50						Popup	<font color='#C87551'>	</font><img src='Copper_smalltoken' vspace='-2'/>	<font color='#FFB033'>	</font><img src='Gold_smalltoken' vspace='-2'/>	<font color='#D7D7D7'>	</font><img src='Silver_smalltoken' vspace='-2'/>	1,5	60	55	400	80	600	50	800	100	50	10			-1	2	0								500	20	37						1			40				False	False	7	False	31000	4000				65	0,25
5	80	450	5600	10	5	7	-300	5600	200					190	10001							3600	7200	29	20	3	37	0,1	29	20	5	37	4		2089	2001		False	False													1	500	110	60	True	50						Achievement	<font color='#C87551'>	</font><img src='Copper_smalltoken' vspace='-2'/>	<font color='#FFB033'>	</font><img src='Gold_smalltoken' vspace='-2'/>	<font color='#D7D7D7'>	</font><img src='Silver_smalltoken' vspace='-2'/>	1,5	60	55	400	80	600	50	800	100	50	10			-1	2	0								500	20	37						1			40				False	False	7	False	31000	4000				65	0,25
5	80	450	5600	10	5	7	-300	5600	200					190	10001							3600	7200	29	20	3	37	0,1	29	20	5	37	4		2089	2001		False	False													1	500	110	60	True	50						Tooltip	<font color='#C87551'>	</font><img src='Copper_smalltoken' vspace='-2'/>	<font color='#FFB033'>	</font><img src='Gold_smalltoken' vspace='-2'/>	<font color='#D7D7D7'>	</font><img src='Silver_smalltoken' vspace='-2'/>	1,5	60	55	400	80	600	50	800	100	50	10			-1	2	0								500	20	37						1			40				False	False	7	False	31000	4000				65	0,25
5	80	450	5600	10	5	7	-300	5600	200					190	10001							3600	7200	29	20	3	37	0,1	29	20	5	37	4		2089	2001		False	False													1	500	110	60	True	50													1,5	60	55	400	80	600	50	800	100	50	10	21	0,5	-1	2	0								500	20	37						1			40				False	False	7	False	31000	4000				65	0,25
5	80	450	5600	10	5	7	-300	5600	200					190	10001							3600	7200	29	20	3	37	0,1	29	20	5	37	4		2089	2001		False	False													1	500	110	60	True	50													1,5	60	55	400	80	600	50	800	100	50	10	31	1	-1	2	0								500	20	37						1			40				False	False	7	False	31000	4000				65	0,25
5	80	450	5600	10	5	7	-300	5600	200					190	10001							3600	7200	29	20	3	37	0,1	29	20	5	37	4		2089	2001		False	False													1	500	110	60	True	50													1,5	60	55	400	80	600	50	800	100	50	10			-1	2	0	NORMAL	0	100	END	0	6		500	20	37						1			40				False	False	7	False	31000	4000				65	0,25
5	80	450	5600	10	5	7	-300	5600	200					190	10001							3600	7200	29	20	3	37	0,1	29	20	5	37	4		2089	2001		False	False													1	500	110	60	True	50													1,5	60	55	400	80	600	50	800	100	50	10			-1	2	0	NORMAL	0	100	PROGRESS	1	7	WMap_Marker.MARKER_QUEST_STARTABLE	500	20	37						1			40				False	False	7	False	31000	4000				65	0,25
5	80	450	5600	10	5	7	-300	5600	200					190	10001							3600	7200	29	20	3	37	0,1	29	20	5	37	4		2089	2001		False	False													1	500	110	60	True	50													1,5	60	55	400	80	600	50	800	100	50	10			-1	2	0	NORMAL	0	100	PROGRESS_REPEAT	2	8	WMap_Marker.MARKER_REPEAT_QUEST_STARTABLE	500	20	37						1			40				False	False	7	False	31000	4000				65	0,25
5	80	450	5600	10	5	7	-300	5600	200					190	10001							3600	7200	29	20	3	37	0,1	29	20	5	37	4		2089	2001		False	False													1	500	110	60	True	50													1,5	60	55	400	80	600	50	800	100	50	10			-1	2	0	NORMAL	0	100	STARTABLE	3	9		500	20	37						1			40				False	False	7	False	31000	4000				65	0,25
5	80	450	5600	10	5	7	-300	5600	200					190	10001							3600	7200	29	20	3	37	0,1	29	20	5	37	4		2089	2001		False	False													1	500	110	60	True	50													1,5	60	55	400	80	600	50	800	100	50	10			-1	2	0	NORMAL	0	100	STARTABLE_REPEAT	4	10		500	20	37						1			40				False	False	7	False	31000	4000				65	0,25
5	80	450	5600	10	5	7	-300	5600	200					190	10001							3600	7200	29	20	3	37	0,1	29	20	5	37	4		2089	2001		False	False													1	500	110	60	True	50													1,5	60	55	400	80	600	50	800	100	50	10			-1	2	0	MISSION	1	0	END	0	1		500	20	37						1			40				False	False	7	False	31000	4000				65	0,25
5	80	450	5600	10	5	7	-300	5600	200					190	10001							3600	7200	29	20	3	37	0,1	29	20	5	37	4		2089	2001		False	False													1	500	110	60	True	50													1,5	60	55	400	80	600	50	800	100	50	10			-1	2	0	MISSION	1	0	PROGRESS	1	2	WMap_Marker.MARKER_MISSION_STARTABLE	500	20	37						1			40				False	False	7	False	31000	4000				65	0,25
5	80	450	5600	10	5	7	-300	5600	200					190	10001							3600	7200	29	20	3	37	0,1	29	20	5	37	4		2089	2001		False	False													1	500	110	60	True	50													1,5	60	55	400	80	600	50	800	100	50	10			-1	2	0	MISSION	1	0	PROGRESS_REPEAT	2	3	WMap_Marker.MARKER_REPEAT_MISSION_STARTABLE	500	20	37						1			40				False	False	7	False	31000	4000				65	0,25
5	80	450	5600	10	5	7	-300	5600	200					190	10001							3600	7200	29	20	3	37	0,1	29	20	5	37	4		2089	2001		False	False													1	500	110	60	True	50													1,5	60	55	400	80	600	50	800	100	50	10			-1	2	0	MISSION	1	0	STARTABLE	3	4		500	20	37						1			40				False	False	7	False	31000	4000				65	0,25
5	80	450	5600	10	5	7	-300	5600	200					190	10001							3600	7200	29	20	3	37	0,1	29	20	5	37	4		2089	2001		False	False													1	500	110	60	True	50													1,5	60	55	400	80	600	50	800	100	50	10			-1	2	0	MISSION	1	0	STARTABLE_REPEAT	4	5		500	20	37						1			40				False	False	7	False	31000	4000				65	0,25
5	80	450	5600	10	5	7	-300	5600	200					190	10001							3600	7200	29	20	3	37	0,1	29	20	5	37	4		2089	2001		False	False													1	500	110	60	True	50													1,5	60	55	400	80	600	50	800	100	50	10			-1	2	0	GUILD	2	300	END	0	11		500	20	37						1			40				False	False	7	False	31000	4000				65	0,25
5	80	450	5600	10	5	7	-300	5600	200					190	10001							3600	7200	29	20	3	37	0,1	29	20	5	37	4		2089	2001		False	False													1	500	110	60	True	50													1,5	60	55	400	80	600	50	800	100	50	10			-1	2	0	GUILD	2	300	PROGRESS	1	12	WMap_Marker.MARKER_GUILDQ_STARTABLE	500	20	37						1			40				False	False	7	False	31000	4000				65	0,25
5	80	450	5600	10	5	7	-300	5600	200					190	10001							3600	7200	29	20	3	37	0,1	29	20	5	37	4		2089	2001		False	False													1	500	110	60	True	50													1,5	60	55	400	80	600	50	800	100	50	10			-1	2	0	GUILD	2	300	PROGRESS_REPEAT	2	13	WMap_Marker.MARKER_REPEAT_GUILDQ_STARTABLE	500	20	37						1			40				False	False	7	False	31000	4000				65	0,25
5	80	450	5600	10	5	7	-300	5600	200					190	10001							3600	7200	29	20	3	37	0,1	29	20	5	37	4		2089	2001		False	False													1	500	110	60	True	50													1,5	60	55	400	80	600	50	800	100	50	10			-1	2	0	GUILD	2	300	STARTABLE	3	14		500	20	37						1			40				False	False	7	False	31000	4000				65	0,25
5	80	450	5600	10	5	7	-300	5600	200					190	10001							3600	7200	29	20	3	37	0,1	29	20	5	37	4		2089	2001		False	False													1	500	110	60	True	50													1,5	60	55	400	80	600	50	800	100	50	10			-1	2	0	GUILD	2	300	STARTABLE_REPEAT	4	15		500	20	37						1			40				False	False	7	False	31000	4000				65	0,25
5	80	450	5600	10	5	7	-300	5600	200					190	10001							3600	7200	29	20	3	37	0,1	29	20	5	37	4		2089	2001		False	False													1	500	110	60	True	50													1,5	60	55	400	80	600	50	800	100	50	10			-1	2	0	DAILY	3	200	END	0	16		500	20	37						1			40				False	False	7	False	31000	4000				65	0,25
5	80	450	5600	10	5	7	-300	5600	200					190	10001							3600	7200	29	20	3	37	0,1	29	20	5	37	4		2089	2001		False	False													1	500	110	60	True	50													1,5	60	55	400	80	600	50	800	100	50	10			-1	2	0	DAILY	3	200	PROGRESS	1	17	WMap_Marker.MARKER_DAYQUEST_STARTABLE	500	20	37						1			40				False	False	7	False	31000	4000				65	0,25
5	80	450	5600	10	5	7	-300	5600	200					190	10001							3600	7200	29	20	3	37	0,1	29	20	5	37	4		2089	2001		False	False													1	500	110	60	True	50													1,5	60	55	400	80	600	50	800	100	50	10			-1	2	0	DAILY	3	200	PROGRESS_REPEAT	2	18	WMap_Marker.MARKER_REPEAT_DAYQUEST_STARTABLE	500	20	37						1			40				False	False	7	False	31000	4000				65	0,25
5	80	450	5600	10	5	7	-300	5600	200					190	10001							3600	7200	29	20	3	37	0,1	29	20	5	37	4		2089	2001		False	False													1	500	110	60	True	50													1,5	60	55	400	80	600	50	800	100	50	10			-1	2	0	DAILY	3	200	STARTABLE	3	19		500	20	37						1			40				False	False	7	False	31000	4000				65	0,25
5	80	450	5600	10	5	7	-300	5600	200					190	10001							3600	7200	29	20	3	37	0,1	29	20	5	37	4		2089	2001		False	False													1	500	110	60	True	50													1,5	60	55	400	80	600	50	800	100	50	10			-1	2	0	DAILY	3	200	STARTABLE_REPEAT	4	20		500	20	37						1			40				False	False	7	False	31000	4000				65	0,25
5	80	450	5600	10	5	7	-300	5600	200					190	10001							3600	7200	29	20	3	37	0,1	29	20	5	37	4		2089	2001		False	False													1	500	110	60	True	50													1,5	60	55	400	80	600	50	800	100	50	10			-1	2	0	SCENARIO	6	0	END	0	1		500	20	37						1			40				False	False	7	False	31000	4000				65	0,25
5	80	450	5600	10	5	7	-300	5600	200					190	10001							3600	7200	29	20	3	37	0,1	29	20	5	37	4		2089	2001		False	False													1	500	110	60	True	50													1,5	60	55	400	80	600	50	800	100	50	10			-1	2	0	SCENARIO	6	0	PROGRESS	1	2	WMap_Marker.MARKER_MISSION_STARTABLE	500	20	37						1			40				False	False	7	False	31000	4000				65	0,25
5	80	450	5600	10	5	7	-300	5600	200					190	10001							3600	7200	29	20	3	37	0,1	29	20	5	37	4		2089	2001		False	False													1	500	110	60	True	50													1,5	60	55	400	80	600	50	800	100	50	10			-1	2	0	SCENARIO	6	0	PROGRESS_REPEAT	2	3	WMap_Marker.MARKER_REPEAT_MISSION_STARTABLE	500	20	37						1			40				False	False	7	False	31000	4000				65	0,25
5	80	450	5600	10	5	7	-300	5600	200					190	10001							3600	7200	29	20	3	37	0,1	29	20	5	37	4		2089	2001		False	False													1	500	110	60	True	50													1,5	60	55	400	80	600	50	800	100	50	10			-1	2	0	SCENARIO	6	0	STARTABLE	3	4		500	20	37						1			40				False	False	7	False	31000	4000				65	0,25
5	80	450	5600	10	5	7	-300	5600	200					190	10001							3600	7200	29	20	3	37	0,1	29	20	5	37	4		2089	2001		False	False													1	500	110	60	True	50													1,5	60	55	400	80	600	50	800	100	50	10			-1	2	0	SCENARIO	6	0	STARTABLE_REPEAT	4	5		500	20	37						1			40				False	False	7	False	31000	4000				65	0,25
5	80	450	5600	10	5	7	-300	5600	200					190	10001							3600	7200	29	20	3	37	0,1	29	20	5	37	4		2089	2001		False	False													1	500	110	60	True	50													1,5	60	55	400	80	600	50	800	100	50	10			-1	2	0								500	20	37	8400010					1			40				False	False	7	False	31000	4000				65	0,25
5	80	450	5600	10	5	7	-300	5600	200					190	10001							3600	7200	29	20	3	37	0,1	29	20	5	37	4		2089	2001		False	False													1	500	110	60	True	50													1,5	60	55	400	80	600	50	800	100	50	10			-1	2	0								500	20	37	8400070					1			40				False	False	7	False	31000	4000				65	0,25
5	80	450	5600	10	5	7	-300	5600	200					190	10001							3600	7200	29	20	3	37	0,1	29	20	5	37	4		2089	2001		False	False													1	500	110	60	True	50													1,5	60	55	400	80	600	50	800	100	50	10			-1	2	0								500	20	37	8400090					1			40				False	False	7	False	31000	4000				65	0,25
5	80	450	5600	10	5	7	-300	5600	200					190	10001							3600	7200	29	20	3	37	0,1	29	20	5	37	4		2089	2001		False	False													1	500	110	60	True	50													1,5	60	55	400	80	600	50	800	100	50	10			-1	2	0								500	20	37	8400110					1			40				False	False	7	False	31000	4000				65	0,25
5	80	450	5600	10	5	7	-300	5600	200					190	10001							3600	7200	29	20	3	37	0,1	29	20	5	37	4		2089	2001		False	False													1	500	110	60	True	50													1,5	60	55	400	80	600	50	800	100	50	10			-1	2	0								500	20	37	8400050					1			40				False	False	7	False	31000	4000				65	0,25
5	80	450	5600	10	5	7	-300	5600	200					190	10001							3600	7200	29	20	3	37	0,1	29	20	5	37	4		2089	2001		False	False													1	500	110	60	True	50													1,5	60	55	400	80	600	50	800	100	50	10			-1	2	0								500	20	37		8011				1			40				False	False	7	False	31000	4000				65	0,25
5	80	450	5600	10	5	7	-300	5600	200					190	10001							3600	7200	29	20	3	37	0,1	29	20	5	37	4		2089	2001		False	False													1	500	110	60	True	50													1,5	60	55	400	80	600	50	800	100	50	10			-1	2	0								500	20	37		7013				1			40				False	False	7	False	31000	4000				65	0,25
5	80	450	5600	10	5	7	-300	5600	200					190	10001							3600	7200	29	20	3	37	0,1	29	20	5	37	4		2089	2001		False	False													1	500	110	60	True	50													1,5	60	55	400	80	600	50	800	100	50	10			-1	2	0								500	20	37		7014				1			40				False	False	7	False	31000	4000				65	0,25
5	80	450	5600	10	5	7	-300	5600	200					190	10001							3600	7200	29	20	3	37	0,1	29	20	5	37	4		2089	2001		False	False													1	500	110	60	True	50													1,5	60	55	400	80	600	50	800	100	50	10			-1	2	0								500	20	37		7039				1			40				False	False	7	False	31000	4000				65	0,25
5	80	450	5600	10	5	7	-300	5600	200					190	10001							3600	7200	29	20	3	37	0,1	29	20	5	37	4		2089	2001		False	False													1	500	110	60	True	50													1,5	60	55	400	80	600	50	800	100	50	10			-1	2	0								500	20	37		8012				1			40				False	False	7	False	31000	4000				65	0,25
5	80	450	5600	10	5	7	-300	5600	200					190	10001							3600	7200	29	20	3	37	0,1	29	20	5	37	4		2089	2001		False	False													1	500	110	60	True	50													1,5	60	55	400	80	600	50	800	100	50	10			-1	2	0								500	20	37		9991				1			40				False	False	7	False	31000	4000				65	0,25
5	80	450	5600	10	5	7	-300	5600	200					190	10001							3600	7200	29	20	3	37	0,1	29	20	5	37	4		2089	2001		False	False													1	500	110	60	True	50													1,5	60	55	400	80	600	50	800	100	50	10			-1	2	0								500	20	37		911002				1			40				False	False	7	False	31000	4000				65	0,25
5	80	450	5600	10	5	7	-300	5600	200					190	10001							3600	7200	29	20	3	37	0,1	29	20	5	37	4		2089	2001		False	False													1	500	110	60	True	50													1,5	60	55	400	80	600	50	800	100	50	10			-1	2	0								500	20	37		905002				1			40				False	False	7	False	31000	4000				65	0,25
5	80	450	5600	10	5	7	-300	5600	200					190	10001							3600	7200	29	20	3	37	0,1	29	20	5	37	4		2089	2001		False	False													1	500	110	60	True	50													1,5	60	55	400	80	600	50	800	100	50	10			-1	2	0								500	20	37		906002				1			40				False	False	7	False	31000	4000				65	0,25
5	80	450	5600	10	5	7	-300	5600	200					190	10001							3600	7200	29	20	3	37	0,1	29	20	5	37	4		2089	2001		False	False													1	500	110	60	True	50													1,5	60	55	400	80	600	50	800	100	50	10			-1	2	0								500	20	37		907002				1			40				False	False	7	False	31000	4000				65	0,25
5	80	450	5600	10	5	7	-300	5600	200					190	10001							3600	7200	29	20	3	37	0,1	29	20	5	37	4		2089	2001		False	False													1	500	110	60	True	50													1,5	60	55	400	80	600	50	800	100	50	10			-1	2	0								500	20	37		908002				1			40				False	False	7	False	31000	4000				65	0,25
5	80	450	5600	10	5	7	-300	5600	200					190	10001							3600	7200	29	20	3	37	0,1	29	20	5	37	4		2089	2001		False	False													1	500	110	60	True	50													1,5	60	55	400	80	600	50	800	100	50	10			-1	2	0								500	20	37		909002				1			40				False	False	7	False	31000	4000				65	0,25
5	80	450	5600	10	5	7	-300	5600	200					190	10001							3600	7200	29	20	3	37	0,1	29	20	5	37	4		2089	2001		False	False													1	500	110	60	True	50													1,5	60	55	400	80	600	50	800	100	50	10			-1	2	0								500	20	37		910002				1			40				False	False	7	False	31000	4000				65	0,25
5	80	450	5600	10	5	7	-300	5600	200					190	10001							3600	7200	29	20	3	37	0,1	29	20	5	37	4		2089	2001		False	False													1	500	110	60	True	50													1,5	60	55	400	80	600	50	800	100	50	10			-1	2	0								500	20	37		903002				1			40				False	False	7	False	31000	4000				65	0,25
5	80	450	5600	10	5	7	-300	5600	200					190	10001							3600	7200	29	20	3	37	0,1	29	20	5	37	4		2089	2001		False	False													1	500	110	60	True	50													1,5	60	55	400	80	600	50	800	100	50	10			-1	2	0								500	20	37		904002				1			40				False	False	7	False	31000	4000				65	0,25
5	80	450	5600	10	5	7	-300	5600	200					190	10001							3600	7200	29	20	3	37	0,1	29	20	5	37	4		2089	2001		False	False													1	500	110	60	True	50													1,5	60	55	400	80	600	50	800	100	50	10			-1	2	0								500	20	37		901002				1			40				False	False	7	False	31000	4000				65	0,25
5	80	450	5600	10	5	7	-300	5600	200					190	10001							3600	7200	29	20	3	37	0,1	29	20	5	37	4		2089	2001		False	False													1	500	110	60	True	50													1,5	60	55	400	80	600	50	800	100	50	10			-1	2	0								500	20	37		902002				1			40				False	False	7	False	31000	4000				65	0,25
5	80	450	5600	10	5	7	-300	5600	200					190	10001							3600	7200	29	20	3	37	0,1	29	20	5	37	4		2089	2001		False	False													1	500	110	60	True	50													1,5	60	55	400	80	600	50	800	100	50	10			-1	2	0								500	20	37		909003				1			40				False	False	7	False	31000	4000				65	0,25
5	80	450	5600	10	5	7	-300	5600	200					190	10001							3600	7200	29	20	3	37	0,1	29	20	5	37	4		2089	2001		False	False													1	500	110	60	True	50													1,5	60	55	400	80	600	50	800	100	50	10			-1	2	0								500	20	37		910003				1			40				False	False	7	False	31000	4000				65	0,25
5	80	450	5600	10	5	7	-300	5600	200					190	10001							3600	7200	29	20	3	37	0,1	29	20	5	37	4		2089	2001		False	False													1	500	110	60	True	50													1,5	60	55	400	80	600	50	800	100	50	10			-1	2	0								500	20	37		7149				1			40				False	False	7	False	31000	4000				65	0,25
5	80	450	5600	10	5	7	-300	5600	200					190	10001							3600	7200	29	20	3	37	0,1	29	20	5	37	4		2089	2001		False	False													1	500	110	60	True	50													1,5	60	55	400	80	600	50	800	100	50	10			-1	2	0								500	20	37		7150				1			40				False	False	7	False	31000	4000				65	0,25
5	80	450	5600	10	5	7	-300	5600	200					190	10001							3600	7200	29	20	3	37	0,1	29	20	5	37	4		2089	2001		False	False													1	500	110	60	True	50													1,5	60	55	400	80	600	50	800	100	50	10			-1	2	0								500	20	37		150				1			40				False	False	7	False	31000	4000				65	0,25
5	80	450	5600	10	5	7	-300	5600	200					190	10001							3600	7200	29	20	3	37	0,1	29	20	5	37	4		2089	2001		False	False													1	500	110	60	True	50													1,5	60	55	400	80	600	50	800	100	50	10			-1	2	0								500	20	37		151				1			40				False	False	7	False	31000	4000				65	0,25
5	80	450	5600	10	5	7	-300	5600	200					190	10001							3600	7200	29	20	3	37	0,1	29	20	5	37	4		2089	2001		False	False													1	500	110	60	True	50													1,5	60	55	400	80	600	50	800	100	50	10			-1	2	0								500	20	37		9992				1			40				False	False	7	False	31000	4000				65	0,25
5	80	450	5600	10	5	7	-300	5600	200					190	10001							3600	7200	29	20	3	37	0,1	29	20	5	37	4		2089	2001		False	False													1	500	110	60	True	50													1,5	60	55	400	80	600	50	800	100	50	10			-1	2	0								500	20	37		11111				1			40				False	False	7	False	31000	4000				65	0,25
5	80	450	5600	10	5	7	-300	5600	200					190	10001							3600	7200	29	20	3	37	0,1	29	20	5	37	4		2089	2001		False	False													1	500	110	60	True	50													1,5	60	55	400	80	600	50	800	100	50	10			-1	2	0								500	20	37		11112				1			40				False	False	7	False	31000	4000				65	0,25
5	80	450	5600	10	5	7	-300	5600	200					190	10001							3600	7200	29	20	3	37	0,1	29	20	5	37	4		2089	2001		False	False													1	500	110	60	True	50													1,5	60	55	400	80	600	50	800	100	50	10			-1	2	0								500	20	37		906001				1			40				False	False	7	False	31000	4000				65	0,25
5	80	450	5600	10	5	7	-300	5600	200					190	10001							3600	7200	29	20	3	37	0,1	29	20	5	37	4		2089	2001		False	False													1	500	110	60	True	50													1,5	60	55	400	80	600	50	800	100	50	10			-1	2	0								500	20	37		909001				1			40				False	False	7	False	31000	4000				65	0,25
5	80	450	5600	10	5	7	-300	5600	200					190	10001							3600	7200	29	20	3	37	0,1	29	20	5	37	4		2089	2001		False	False													1	500	110	60	True	50													1,5	60	55	400	80	600	50	800	100	50	10			-1	2	0								500	20	37		905001				1			40				False	False	7	False	31000	4000				65	0,25
5	80	450	5600	10	5	7	-300	5600	200					190	10001							3600	7200	29	20	3	37	0,1	29	20	5	37	4		2089	2001		False	False													1	500	110	60	True	50													1,5	60	55	400	80	600	50	800	100	50	10			-1	2	0								500	20	37		911001				1			40				False	False	7	False	31000	4000				65	0,25
5	80	450	5600	10	5	7	-300	5600	200					190	10001							3600	7200	29	20	3	37	0,1	29	20	5	37	4		2089	2001		False	False													1	500	110	60	True	50													1,5	60	55	400	80	600	50	800	100	50	10			-1	2	0								500	20	37		908001				1			40				False	False	7	False	31000	4000				65	0,25
5	80	450	5600	10	5	7	-300	5600	200					190	10001							3600	7200	29	20	3	37	0,1	29	20	5	37	4		2089	2001		False	False													1	500	110	60	True	50													1,5	60	55	400	80	600	50	800	100	50	10			-1	2	0								500	20	37		907001				1			40				False	False	7	False	31000	4000				65	0,25
5	80	450	5600	10	5	7	-300	5600	200					190	10001							3600	7200	29	20	3	37	0,1	29	20	5	37	4		2089	2001		False	False													1	500	110	60	True	50													1,5	60	55	400	80	600	50	800	100	50	10			-1	2	0								500	20	37		904001				1			40				False	False	7	False	31000	4000				65	0,25
5	80	450	5600	10	5	7	-300	5600	200					190	10001							3600	7200	29	20	3	37	0,1	29	20	5	37	4		2089	2001		False	False													1	500	110	60	True	50													1,5	60	55	400	80	600	50	800	100	50	10			-1	2	0								500	20	37		903001				1			40				False	False	7	False	31000	4000				65	0,25
5	80	450	5600	10	5	7	-300	5600	200					190	10001							3600	7200	29	20	3	37	0,1	29	20	5	37	4		2089	2001		False	False													1	500	110	60	True	50													1,5	60	55	400	80	600	50	800	100	50	10			-1	2	0								500	20	37		902001				1			40				False	False	7	False	31000	4000				65	0,25
5	80	450	5600	10	5	7	-300	5600	200					190	10001							3600	7200	29	20	3	37	0,1	29	20	5	37	4		2089	2001		False	False													1	500	110	60	True	50													1,5	60	55	400	80	600	50	800	100	50	10			-1	2	0								500	20	37		901001				1			40				False	False	7	False	31000	4000				65	0,25
5	80	450	5600	10	5	7	-300	5600	200					190	10001							3600	7200	29	20	3	37	0,1	29	20	5	37	4		2089	2001		False	False													1	500	110	60	True	50													1,5	60	55	400	80	600	50	800	100	50	10			-1	2	0								500	20	37		910001				1			40				False	False	7	False	31000	4000				65	0,25
5	80	450	5600	10	5	7	-300	5600	200					190	10001							3600	7200	29	20	3	37	0,1	29	20	5	37	4		2089	2001		False	False													1	500	110	60	True	50													1,5	60	55	400	80	600	50	800	100	50	10			-1	2	0								500	20	37		8881001				1			40				False	False	7	False	31000	4000				65	0,25
5	80	450	5600	10	5	7	-300	5600	200					190	10001							3600	7200	29	20	3	37	0,1	29	20	5	37	4		2089	2001		False	False													1	500	110	60	True	50													1,5	60	55	400	80	600	50	800	100	50	10			-1	2	0								500	20	37			8011			1			40				False	False	7	False	31000	4000				65	0,25
5	80	450	5600	10	5	7	-300	5600	200					190	10001							3600	7200	29	20	3	37	0,1	29	20	5	37	4		2089	2001		False	False													1	500	110	60	True	50													1,5	60	55	400	80	600	50	800	100	50	10			-1	2	0								500	20	37			7013			1			40				False	False	7	False	31000	4000				65	0,25
5	80	450	5600	10	5	7	-300	5600	200					190	10001							3600	7200	29	20	3	37	0,1	29	20	5	37	4		2089	2001		False	False													1	500	110	60	True	50													1,5	60	55	400	80	600	50	800	100	50	10			-1	2	0								500	20	37			7014			1			40				False	False	7	False	31000	4000				65	0,25
5	80	450	5600	10	5	7	-300	5600	200					190	10001							3600	7200	29	20	3	37	0,1	29	20	5	37	4		2089	2001		False	False													1	500	110	60	True	50													1,5	60	55	400	80	600	50	800	100	50	10			-1	2	0								500	20	37			909002			1			40				False	False	7	False	31000	4000				65	0,25
5	80	450	5600	10	5	7	-300	5600	200					190	10001							3600	7200	29	20	3	37	0,1	29	20	5	37	4		2089	2001		False	False													1	500	110	60	True	50													1,5	60	55	400	80	600	50	800	100	50	10			-1	2	0								500	20	37			910002			1			40				False	False	7	False	31000	4000				65	0,25
5	80	450	5600	10	5	7	-300	5600	200					190	10001							3600	7200	29	20	3	37	0,1	29	20	5	37	4		2089	2001		False	False													1	500	110	60	True	50													1,5	60	55	400	80	600	50	800	100	50	10			-1	2	0								500	20	37			7149			1			40				False	False	7	False	31000	4000				65	0,25
5	80	450	5600	10	5	7	-300	5600	200					190	10001							3600	7200	29	20	3	37	0,1	29	20	5	37	4		2089	2001		False	False													1	500	110	60	True	50													1,5	60	55	400	80	600	50	800	100	50	10			-1	2	0								500	20	37			150			1			40				False	False	7	False	31000	4000				65	0,25
5	80	450	5600	10	5	7	-300	5600	200					190	10001							3600	7200	29	20	3	37	0,1	29	20	5	37	4		2089	2001		False	False													1	500	110	60	True	50													1,5	60	55	400	80	600	50	800	100	50	10			-1	2	0								500	20	37			151			1			40				False	False	7	False	31000	4000				65	0,25
5	80	450	5600	10	5	7	-300	5600	200					190	10001							3600	7200	29	20	3	37	0,1	29	20	5	37	4		2089	2001		False	False													1	500	110	60	True	50													1,5	60	55	400	80	600	50	800	100	50	10			-1	2	0								500	20	37			8614			1			40				False	False	7	False	31000	4000				65	0,25
5	80	450	5600	10	5	7	-300	5600	200					190	10001							3600	7200	29	20	3	37	0,1	29	20	5	37	4		2089	2001		False	False													1	500	110	60	True	50													1,5	60	55	400	80	600	50	800	100	50	10			-1	2	0								500	20	37			9992			1			40				False	False	7	False	31000	4000				65	0,25
5	80	450	5600	10	5	7	-300	5600	200					190	10001							3600	7200	29	20	3	37	0,1	29	20	5	37	4		2089	2001		False	False													1	500	110	60	True	50													1,5	60	55	400	80	600	50	800	100	50	10			-1	2	0								500	20	37			8881001			1			40				False	False	7	False	31000	4000				65	0,25
5	80	450	5600	10	5	7	-300	5600	200					190	10001							3600	7200	29	20	3	37	0,1	29	20	5	37	4		2089	2001		False	False													1	500	110	60	True	50													1,5	60	55	400	80	600	50	800	100	50	10			-1	2	0								500	20	37				7013		1			40				False	False	7	False	31000	4000				65	0,25
5	80	450	5600	10	5	7	-300	5600	200					190	10001							3600	7200	29	20	3	37	0,1	29	20	5	37	4		2089	2001		False	False													1	500	110	60	True	50													1,5	60	55	400	80	600	50	800	100	50	10			-1	2	0								500	20	37				9992		1			40				False	False	7	False	31000	4000				65	0,25
5	80	450	5600	10	5	7	-300	5600	200					190	10001							3600	7200	29	20	3	37	0,1	29	20	5	37	4		2089	2001		False	False													1	500	110	60	True	50													1,5	60	55	400	80	600	50	800	100	50	10			-1	2	0								500	20	37						1			40	male	human	37	False	False	7	False	31000	4000				65	0,25
5	80	450	5600	10	5	7	-300	5600	200					190	10001							3600	7200	29	20	3	37	0,1	29	20	5	37	4		2089	2001		False	False													1	500	110	60	True	50													1,5	60	55	400	80	600	50	800	100	50	10			-1	2	0								500	20	37						1			40	female	human	33	False	False	7	False	31000	4000				65	0,25
5	80	450	5600	10	5	7	-300	5600	200					190	10001							3600	7200	29	20	3	37	0,1	29	20	5	37	4		2089	2001		False	False													1	500	110	60	True	50													1,5	60	55	400	80	600	50	800	100	50	10			-1	2	0								500	20	37						1			40	male	highelf	38	False	False	7	False	31000	4000				65	0,25
5	80	450	5600	10	5	7	-300	5600	200					190	10001							3600	7200	29	20	3	37	0,1	29	20	5	37	4		2089	2001		False	False													1	500	110	60	True	50													1,5	60	55	400	80	600	50	800	100	50	10			-1	2	0								500	20	37						1			40	female	highelf	34	False	False	7	False	31000	4000				65	0,25
5	80	450	5600	10	5	7	-300	5600	200					190	10001							3600	7200	29	20	3	37	0,1	29	20	5	37	4		2089	2001		False	False													1	500	110	60	True	50													1,5	60	55	400	80	600	50	800	100	50	10			-1	2	0								500	20	37						1			40	male	aman	40	False	False	7	False	31000	4000				65	0,25
5	80	450	5600	10	5	7	-300	5600	200					190	10001							3600	7200	29	20	3	37	0,1	29	20	5	37	4		2089	2001		False	False													1	500	110	60	True	50													1,5	60	55	400	80	600	50	800	100	50	10			-1	2	0								500	20	37						1			40	female	aman	39	False	False	7	False	31000	4000				65	0,25
5	80	450	5600	10	5	7	-300	5600	200					190	10001							3600	7200	29	20	3	37	0,1	29	20	5	37	4		2089	2001		False	False													1	500	110	60	True	50													1,5	60	55	400	80	600	50	800	100	50	10			-1	2	0								500	20	37						1			40	male	castanic	34	False	False	7	False	31000	4000				65	0,25
5	80	450	5600	10	5	7	-300	5600	200					190	10001							3600	7200	29	20	3	37	0,1	29	20	5	37	4		2089	2001		False	False													1	500	110	60	True	50													1,5	60	55	400	80	600	50	800	100	50	10			-1	2	0								500	20	37						1			40	female	castanic	29	False	False	7	False	31000	4000				65	0,25
5	80	450	5600	10	5	7	-300	5600	200					190	10001							3600	7200	29	20	3	37	0,1	29	20	5	37	4		2089	2001		False	False													1	500	110	60	True	50													1,5	60	55	400	80	600	50	800	100	50	10			-1	2	0								500	20	37						1			40	male	popori	23	False	False	7	False	31000	4000				65	0,25
5	80	450	5600	10	5	7	-300	5600	200					190	10001							3600	7200	29	20	3	37	0,1	29	20	5	37	4		2089	2001		False	False													1	500	110	60	True	50													1,5	60	55	400	80	600	50	800	100	50	10			-1	2	0								500	20	37						1			40	female	popori	25	False	False	7	False	31000	4000				65	0,25
5	80	450	5600	10	5	7	-300	5600	200					190	10001							3600	7200	29	20	3	37	0,1	29	20	5	37	4		2089	2001		False	False													1	500	110	60	True	50													1,5	60	55	400	80	600	50	800	100	50	10			-1	2	0								500	20	37						1			40	male	baraka	41	False	False	7	False	31000	4000				65	0,25
5	80	450	5600	10	5	7	-300	5600	200					190	10001							3600	7200	29	20	3	37	0,1	29	20	5	37	4		2089	2001		False	False													1	500	110	60	True	50													1,5	60	55	400	80	600	50	800	100	50	10			-1	2	0								500	20	37						1			40				False	False	7	False	31000	4000	93	0		65	0,25
5	80	450	5600	10	5	7	-300	5600	200					190	10001							3600	7200	29	20	3	37	0,1	29	20	5	37	4		2089	2001		False	False													1	500	110	60	True	50													1,5	60	55	400	80	600	50	800	100	50	10			-1	2	0								500	20	37						1			40				False	False	7	False	31000	4000	94	0		65	0,25
5	80	450	5600	10	5	7	-300	5600	200					190	10001							3600	7200	29	20	3	37	0,1	29	20	5	37	4		2089	2001		False	False													1	500	110	60	True	50													1,5	60	55	400	80	600	50	800	100	50	10			-1	2	0								500	20	37						1			40				False	False	7	False	31000	4000	71	1		65	0,25
5	80	450	5600	10	5	7	-300	5600	200					190	10001							3600	7200	29	20	3	37	0,1	29	20	5	37	4		2089	2001		False	False													1	500	110	60	True	50													1,5	60	55	400	80	600	50	800	100	50	10			-1	2	0								500	20	37						1			40				False	False	7	False	31000	4000	398	1		65	0,25
5	80	450	5600	10	5	7	-300	5600	200					190	10001							3600	7200	29	20	3	37	0,1	29	20	5	37	4		2089	2001		False	False													1	500	110	60	True	50													1,5	60	55	400	80	600	50	800	100	50	10			-1	2	0								500	20	37						1			40				False	False	7	False	31000	4000	907	1	7	65	0,25
5	80	450	5600	10	5	7	-300	5600	200					190	10001							3600	7200	29	20	3	37	0,1	29	20	5	37	4		2089	2001		False	False													1	500	110	60	True	50													1,5	60	55	400	80	600	50	800	100	50	10			-1	2	0								500	20	37						1			40				False	False	7	False	31000	4000	908	1	8	65	0,25
5	80	450	5600	10	5	7	-300	5600	200					190	10001							3600	7200	29	20	3	37	0,1	29	20	5	37	4		2089	2001		False	False													1	500	110	60	True	50													1,5	60	55	400	80	600	50	800	100	50	10			-1	2	0								500	20	37						1			40				False	False	7	False	31000	4000	909	1	9	65	0,25
5	80	450	5600	10	5	7	-300	5600	200					190	10001							3600	7200	29	20	3	37	0,1	29	20	5	37	4		2089	2001		False	False													1	500	110	60	True	50													1,5	60	55	400	80	600	50	800	100	50	10			-1	2	0								500	20	37						1			40				False	False	7	False	31000	4000	910	1	10	65	0,25
5	80	450	5600	10	5	7	-300	5600	200					190	10001							3600	7200	29	20	3	37	0,1	29	20	5	37	4		2089	2001		False	False													1	500	110	60	True	50													1,5	60	55	400	80	600	50	800	100	50	10			-1	2	0								500	20	37						1			40				False	False	7	False	31000	4000	911	1	11	65	0,25
5	80	450	5600	10	5	7	-300	5600	200					190	10001							3600	7200	29	20	3	37	0,1	29	20	5	37	4		2089	2001		False	False													1	500	110	60	True	50													1,5	60	55	400	80	600	50	800	100	50	10			-1	2	0								500	20	37						1			40				False	False	7	False	31000	4000	81208	1		65	0,25
5	80	450	5600	10	5	7	-300	5600	200					190	10001							3600	7200	29	20	3	37	0,1	29	20	5	37	4		2089	2001		False	False													1	500	110	60	True	50													1,5	60	55	400	80	600	50	800	100	50	10			-1	2	0								500	20	37						1			40				False	False	7	False	31000	4000	100717	0		65	0,25
5	80	450	5600	10	5	7	-300	5600	200					190	10001							3600	7200	29	20	3	37	0,1	29	20	5	37	4		2089	2001		False	False													1	500	110	60	True	50													1,5	60	55	400	80	600	50	800	100	50	10			-1	2	0								500	20	37						1			40				False	False	7	False	31000	4000	149427	1	8	65	0,25
5	80	450	5600	10	5	7	-300	5600	200					190	10001							3600	7200	29	20	3	37	0,1	29	20	5	37	4		2089	2001		False	False													1	500	110	60	True	50													1,5	60	55	400	80	600	50	800	100	50	10			-1	2	0								500	20	37						1			40				False	False	7	False	31000	4000	94000	2		65	0,25
5	80	450	5600	10	5	7	-300	5600	200					190	10001							3600	7200	29	20	3	37	0,1	29	20	5	37	4		2089	2001		False	False													1	500	110	60	True	50													1,5	60	55	400	80	600	50	800	100	50	10			-1	2	0								500	20	37						1			40				False	False	7	False	31000	4000	100976	2		65	0,25
5	80	450	5600	10	5	7	-300	5600	200					190	10001							3600	7200	29	20	3	37	0,1	29	20	5	37	4		2089	2001		False	False													1	500	110	60	True	50													1,5	60	55	400	80	600	50	800	100	50	10			-1	2	0								500	20	37						1			40				False	False	7	False	31000	4000	139710	2		65	0,25
5	80	450	5600	10	5	7	-300	5600	200					190	10001							3600	7200	29	20	3	37	0,1	29	20	5	37	4		2089	2001		False	False													1	500	110	60	True	50													1,5	60	55	400	80	600	50	800	100	50	10			-1	2	0								500	20	37						1			40				False	False	7	False	31000	4000	94001	3		65	0,25
5	80	450	5600	10	5	7	-300	5600	200					190	10001							3600	7200	29	20	3	37	0,1	29	20	5	37	4		2089	2001		False	False													1	500	110	60	True	50													1,5	60	55	400	80	600	50	800	100	50	10			-1	2	0								500	20	37						1			40				False	False	7	False	31000	4000	149059	3		65	0,25
5	80	450	5600	10	5	7	-300	5600	200					190	10001							3600	7200	29	20	3	37	0,1	29	20	5	37	4		2089	2001		False	False													1	500	110	60	True	50													1,5	60	55	400	80	600	50	800	100	50	10			-1	2	0								500	20	37						1			40				False	False	7	False	31000	4000	100977	3		65	0,25
5	80	450	5600	10	5	7	-300	5600	200					190	10001							3600	7200	29	20	3	37	0,1	29	20	5	37	4		2089	2001		False	False													1	500	110	60	True	50													1,5	60	55	400	80	600	50	800	100	50	10			-1	2	0								500	20	37						1			40				False	False	7	False	31000	4000	149179	3		65	0,25
5	80	450	5600	10	5	7	-300	5600	200					190	10001							3600	7200	29	20	3	37	0,1	29	20	5	37	4		2089	2001		False	False													1	500	110	60	True	50													1,5	60	55	400	80	600	50	800	100	50	10			-1	2	0								500	20	37						1			40				False	False	7	False	31000	4000	149243	2		65	0,25
5	80	450	5600	10	5	7	-300	5600	200					190	10001							3600	7200	29	20	3	37	0,1	29	20	5	37	4		2089	2001		False	False													1	500	110	60	True	50													1,5	60	55	400	80	600	50	800	100	50	10			-1	2	0								500	20	37						1			40				False	False	7	False	31000	4000	149193	1		65	0,25
5	80	450	5600	10	5	7	-300	5600	200					190	10001							3600	7200	29	20	3	37	0,1	29	20	5	37	4		2089	2001		False	False													1	500	110	60	True	50													1,5	60	55	400	80	600	50	800	100	50	10			-1	2	0								500	20	37						1			40				False	False	7	False	31000	4000	149194	2		65	0,25
5	80	450	5600	10	5	7	-300	5600	200					190	10001							3600	7200	29	20	3	37	0,1	29	20	5	37	4		2089	2001		False	False													1	500	110	60	True	50													1,5	60	55	400	80	600	50	800	100	50	10			-1	2	0								500	20	37						1			40				False	False	7	False	31000	4000	149270	2		65	0,25
5	80	450	5600	10	5	7	-300	5600	200					190	10001							3600	7200	29	20	3	37	0,1	29	20	5	37	4		2089	2001		False	False													1	500	110	60	True	50													1,5	60	55	400	80	600	50	800	100	50	10			-1	2	0								500	20	37						1			40				False	False	7	False	31000	4000	149271	3		65	0,25
5	80	450	5600	10	5	7	-300	5600	200					190	10001							3600	7200	29	20	3	37	0,1	29	20	5	37	4		2089	2001		False	False													1	500	110	60	True	50													1,5	60	55	400	80	600	50	800	100	50	10			-1	2	0								500	20	37						1			40				False	False	7	False	31000	4000	149673	2		65	0,25
5	80	450	5600	10	5	7	-300	5600	200					190	10001							3600	7200	29	20	3	37	0,1	29	20	5	37	4		2089	2001		False	False													1	500	110	60	True	50													1,5	60	55	400	80	600	50	800	100	50	10			-1	2	0								500	20	37						1			40				False	False	7	False	31000	4000	181961	2		65	0,25
5	80	450	5600	10	5	7	-300	5600	200					190	10001							3600	7200	29	20	3	37	0,1	29	20	5	37	4		2089	2001		False	False													1	500	110	60	True	50													1,5	60	55	400	80	600	50	800	100	50	10			-1	2	0								500	20	37						1			40				False	False	7	False	31000	4000	181962	3		65	0,25
5	80	450	5600	10	5	7	-300	5600	200					190	10001							3600	7200	29	20	3	37	0,1	29	20	5	37	4		2089	2001		False	False													1	500	110	60	True	50													1,5	60	55	400	80	600	50	800	100	50	10			-1	2	0								500	20	37						1			40				False	False	7	False	31000	4000	179885	2		65	0,25
5	80	450	5600	10	5	7	-300	5600	200					190	10001							3600	7200	29	20	3	37	0,1	29	20	5	37	4		2089	2001		False	False													1	500	110	60	True	50													1,5	60	55	400	80	600	50	800	100	50	10			-1	2	0								500	20	37						1			40				False	False	7	False	31000	4000	179886	3		65	0,25
5	80	450	5600	10	5	7	-300	5600	200					190	10001							3600	7200	29	20	3	37	0,1	29	20	5	37	4		2089	2001		False	False													1	500	110	60	True	50													1,5	60	55	400	80	600	50	800	100	50	10			-1	2	0								500	20	37						1			40				False	False	7	False	31000	4000	212747	2		65	0,25
5	80	450	5600	10	5	7	-300	5600	200					190	10001							3600	7200	29	20	3	37	0,1	29	20	5	37	4		2089	2001		False	False													1	500	110	60	True	50													1,5	60	55	400	80	600	50	800	100	50	10			-1	2	0								500	20	37						1			40				False	False	7	False	31000	4000	212748	3		65	0,25
5	80	450	5600	10	5	7	-300	5600	200					190	10001							3600	7200	29	20	3	37	0,1	29	20	5	37	4		2089	2001		False	False													1	500	110	60	True	50													1,5	60	55	400	80	600	50	800	100	50	10			-1	2	0								500	20	37						1			40				False	False	7	False	31000	4000	212733	0		65	0,25
5	80	450	5600	10	5	7	-300	5600	200					190	10001							3600	7200	29	20	3	37	0,1	29	20	5	37	4		2089	2001		False	False													1	500	110	60	True	50													1,5	60	55	400	80	600	50	800	100	50	10			-1	2	0								500	20	37						1			40				False	False	7	False	31000	4000	212731	1		65	0,25
5	80	450	5600	10	5	7	-300	5600	200					190	10001							3600	7200	29	20	3	37	0,1	29	20	5	37	4		2089	2001		False	False													1	500	110	60	True	50													1,5	60	55	400	80	600	50	800	100	50	10			-1	2	0								500	20	37						1			40				False	False	7	False	31000	4000	220359	0		65	0,25
